Stations-Name:	Kaub
Gewässer:	Rhein
Betreiber:	WSA Rhein, Standort Bingen
Parameter-Name:	W
Zeitreihen-Einheit:	cm
Zeitreihen-Wertedistanz:	15 Minute(n)
Alle Angaben ohne Gewähr.

Datum   	Zeit    	W [cm]
01.07.2020	00:15:00	172	
01.07.2020	00:30:00	172	
01.07.2020	00:45:00	172	
01.07.2020	01:00:00	172	
01.07.2020	01:15:00	173	
01.07.2020	01:30:00	172	
01.07.2020	01:45:00	173	
01.07.2020	02:00:00	173	
01.07.2020	02:15:00	173	
01.07.2020	02:30:00	173	
01.07.2020	02:45:00	175	
01.07.2020	03:00:00	174	
01.07.2020	03:15:00	174	
01.07.2020	03:30:00	174	
01.07.2020	03:45:00	174	
01.07.2020	04:00:00	174	
01.07.2020	04:15:00	174	
01.07.2020	04:30:00	175	
01.07.2020	04:45:00	176	
01.07.2020	05:00:00	176	
01.07.2020	05:15:00	175	
01.07.2020	05:30:00	176	
01.07.2020	05:45:00	176	
01.07.2020	06:00:00	176	
01.07.2020	06:15:00	176	
01.07.2020	06:30:00	177	
01.07.2020	06:45:00	176	
01.07.2020	07:00:00	178	
01.07.2020	07:15:00	178	
01.07.2020	07:30:00	178	
01.07.2020	07:45:00	178	
01.07.2020	08:00:00	178	
01.07.2020	08:15:00	179	
01.07.2020	08:30:00	179	
01.07.2020	08:45:00	179	
01.07.2020	09:00:00	180	
01.07.2020	09:15:00	181	
01.07.2020	09:30:00	181	
01.07.2020	09:45:00	181	
01.07.2020	10:00:00	181	
01.07.2020	10:15:00	182	
01.07.2020	10:30:00	181	
01.07.2020	10:45:00	182	
01.07.2020	11:00:00	183	
01.07.2020	11:15:00	183	
01.07.2020	11:30:00	183	
01.07.2020	11:45:00	184	
01.07.2020	12:00:00	184	
01.07.2020	12:15:00	185	
01.07.2020	12:30:00	186	
01.07.2020	12:45:00	185	
01.07.2020	13:00:00	185	
01.07.2020	13:15:00	186	
01.07.2020	13:30:00	186	
01.07.2020	13:45:00	188	
01.07.2020	14:00:00	187	
01.07.2020	14:15:00	187	
01.07.2020	14:30:00	188	
01.07.2020	14:45:00	188	
01.07.2020	15:00:00	189	
01.07.2020	15:15:00	189	
01.07.2020	15:30:00	190	
01.07.2020	15:45:00	190	
01.07.2020	16:00:00	190	
01.07.2020	16:15:00	190	
01.07.2020	16:30:00	191	
01.07.2020	16:45:00	191	
01.07.2020	17:00:00	191	
01.07.2020	17:15:00	193	
01.07.2020	17:30:00	192	
01.07.2020	17:45:00	194	
01.07.2020	18:00:00	193	
01.07.2020	18:15:00	193	
01.07.2020	18:30:00	194	
01.07.2020	18:45:00	194	
01.07.2020	19:00:00	194	
01.07.2020	19:15:00	194	
01.07.2020	19:30:00	195	
01.07.2020	19:45:00	195	
01.07.2020	20:00:00	195	
01.07.2020	20:15:00	196	
01.07.2020	20:30:00	196	
01.07.2020	20:45:00	197	
01.07.2020	21:00:00	197	
01.07.2020	21:15:00	197	
01.07.2020	21:30:00	198	
01.07.2020	21:45:00	198	
01.07.2020	22:00:00	198	
01.07.2020	22:15:00	199	
01.07.2020	22:30:00	199	
01.07.2020	22:45:00	199	
01.07.2020	23:00:00	200	
01.07.2020	23:15:00	200	
01.07.2020	23:30:00	200	
01.07.2020	23:45:00	200	
02.07.2020	00:00:00	201	
02.07.2020	00:15:00	201	
02.07.2020	00:30:00	202	
02.07.2020	00:45:00	203	
02.07.2020	01:00:00	202	
02.07.2020	01:15:00	203	
02.07.2020	01:30:00	202	
02.07.2020	01:45:00	203	
02.07.2020	02:00:00	203	
02.07.2020	02:15:00	203	
02.07.2020	02:30:00	203	
02.07.2020	02:45:00	204	
02.07.2020	03:00:00	204	
02.07.2020	03:15:00	204	
02.07.2020	03:30:00	204	
02.07.2020	03:45:00	204	
02.07.2020	04:00:00	204	
02.07.2020	04:15:00	205	
02.07.2020	04:30:00	205	
02.07.2020	04:45:00	206	
02.07.2020	05:00:00	206	
02.07.2020	05:15:00	207	
02.07.2020	05:30:00	206	
02.07.2020	05:45:00	206	
02.07.2020	06:00:00	206	
02.07.2020	06:15:00	206	
02.07.2020	06:30:00	206	
02.07.2020	06:45:00	206	
02.07.2020	07:00:00	207	
02.07.2020	07:15:00	207	
02.07.2020	07:30:00	208	
02.07.2020	07:45:00	208	
02.07.2020	08:00:00	208	
02.07.2020	08:15:00	208	
02.07.2020	08:30:00	208	
02.07.2020	08:45:00	208	
02.07.2020	09:00:00	208	
02.07.2020	09:15:00	209	
02.07.2020	09:30:00	209	
02.07.2020	09:45:00	210	
02.07.2020	10:00:00	210	
02.07.2020	10:15:00	209	
02.07.2020	10:30:00	209	
02.07.2020	10:45:00	209	
02.07.2020	11:00:00	210	
02.07.2020	11:15:00	210	
02.07.2020	11:30:00	210	
02.07.2020	11:45:00	210	
02.07.2020	12:00:00	209	
02.07.2020	12:15:00	209	
02.07.2020	12:30:00	209	
02.07.2020	12:45:00	210	
02.07.2020	13:00:00	210	
02.07.2020	13:15:00	209	
02.07.2020	13:30:00	210	
02.07.2020	13:45:00	210	
02.07.2020	14:00:00	209	
02.07.2020	14:15:00	210	
02.07.2020	14:30:00	209	
02.07.2020	14:45:00	209	
02.07.2020	15:00:00	209	
02.07.2020	15:15:00	210	
02.07.2020	15:30:00	210	
02.07.2020	15:45:00	211	
02.07.2020	16:00:00	209	
02.07.2020	16:15:00	209	
02.07.2020	16:30:00	210	
02.07.2020	16:45:00	208	
02.07.2020	17:00:00	209	
02.07.2020	17:15:00	209	
02.07.2020	17:30:00	209	
02.07.2020	17:45:00	209	
02.07.2020	18:00:00	209	
02.07.2020	18:15:00	209	
02.07.2020	18:30:00	209	
02.07.2020	18:45:00	208	
02.07.2020	19:00:00	208	
02.07.2020	19:15:00	208	
02.07.2020	19:30:00	209	
02.07.2020	19:45:00	208	
02.07.2020	20:00:00	208	
02.07.2020	20:15:00	207	
02.07.2020	20:30:00	208	
02.07.2020	20:45:00	208	
02.07.2020	21:00:00	208	
02.07.2020	21:15:00	207	
02.07.2020	21:30:00	207	
02.07.2020	21:45:00	208	
02.07.2020	22:00:00	207	
02.07.2020	22:15:00	208	
02.07.2020	22:30:00	207	
02.07.2020	22:45:00	207	
02.07.2020	23:00:00	207	
02.07.2020	23:15:00	207	
02.07.2020	23:30:00	207	
02.07.2020	23:45:00	207	
03.07.2020	00:00:00	207	
03.07.2020	00:15:00	208	
03.07.2020	00:30:00	207	
03.07.2020	00:45:00	207	
03.07.2020	01:00:00	206	
03.07.2020	01:15:00	206	
03.07.2020	01:30:00	206	
03.07.2020	01:45:00	206	
03.07.2020	02:00:00	206	
03.07.2020	02:15:00	206	
03.07.2020	02:30:00	206	
03.07.2020	02:45:00	206	
03.07.2020	03:00:00	206	
03.07.2020	03:15:00	206	
03.07.2020	03:30:00	206	
03.07.2020	03:45:00	205	
03.07.2020	04:00:00	205	
03.07.2020	04:15:00	205	
03.07.2020	04:30:00	205	
03.07.2020	04:45:00	205	
03.07.2020	05:00:00	205	
03.07.2020	05:15:00	205	
03.07.2020	05:30:00	204	
03.07.2020	05:45:00	204	
03.07.2020	06:00:00	204	
03.07.2020	06:15:00	204	
03.07.2020	06:30:00	204	
03.07.2020	06:45:00	205	
03.07.2020	07:00:00	205	
03.07.2020	07:15:00	204	
03.07.2020	07:30:00	204	
03.07.2020	07:45:00	204	
03.07.2020	08:00:00	204	
03.07.2020	08:15:00	203	
03.07.2020	08:30:00	204	
03.07.2020	08:45:00	204	
03.07.2020	09:00:00	204	
03.07.2020	09:15:00	203	
03.07.2020	09:30:00	204	
03.07.2020	09:45:00	204	
03.07.2020	10:00:00	203	
03.07.2020	10:15:00	204	
03.07.2020	10:30:00	203	
03.07.2020	10:45:00	203	
03.07.2020	11:00:00	203	
03.07.2020	11:15:00	204	
03.07.2020	11:30:00	205	
03.07.2020	11:45:00	204	
03.07.2020	12:00:00	205	
03.07.2020	12:15:00	205	
03.07.2020	12:30:00	204	
03.07.2020	12:45:00	205	
03.07.2020	13:00:00	206	
03.07.2020	13:15:00	204	
03.07.2020	13:30:00	205	
03.07.2020	13:45:00	205	
03.07.2020	14:00:00	205	
03.07.2020	14:15:00	205	
03.07.2020	14:30:00	206	
03.07.2020	14:45:00	208	
03.07.2020	15:00:00	207	
03.07.2020	15:15:00	207	
03.07.2020	15:30:00	207	
03.07.2020	15:45:00	207	
03.07.2020	16:00:00	208	
03.07.2020	16:15:00	207	
03.07.2020	16:30:00	208	
03.07.2020	16:45:00	208	
03.07.2020	17:00:00	208	
03.07.2020	17:15:00	207	
03.07.2020	17:30:00	207	
03.07.2020	17:45:00	208	
03.07.2020	18:00:00	209	
03.07.2020	18:15:00	208	
03.07.2020	18:30:00	208	
03.07.2020	18:45:00	208	
03.07.2020	19:00:00	208	
03.07.2020	19:15:00	208	
03.07.2020	19:30:00	208	
03.07.2020	19:45:00	208	
03.07.2020	20:00:00	209	
03.07.2020	20:15:00	208	
03.07.2020	20:30:00	208	
03.07.2020	20:45:00	208	
03.07.2020	21:00:00	208	
03.07.2020	21:15:00	208	
03.07.2020	21:30:00	208	
03.07.2020	21:45:00	208	
03.07.2020	22:00:00	208	
03.07.2020	22:15:00	209	
03.07.2020	22:30:00	208	
03.07.2020	22:45:00	209	
03.07.2020	23:00:00	209	
03.07.2020	23:15:00	210	
03.07.2020	23:30:00	208	
03.07.2020	23:45:00	208	
04.07.2020	00:00:00	208	
04.07.2020	00:15:00	208	
04.07.2020	00:30:00	208	
04.07.2020	00:45:00	208	
04.07.2020	01:00:00	208	
04.07.2020	01:15:00	208	
04.07.2020	01:30:00	208	
04.07.2020	01:45:00	209	
04.07.2020	02:00:00	209	
04.07.2020	02:15:00	208	
04.07.2020	02:30:00	208	
04.07.2020	02:45:00	208	
04.07.2020	03:00:00	208	
04.07.2020	03:15:00	207	
04.07.2020	03:30:00	208	
04.07.2020	03:45:00	207	
04.07.2020	04:00:00	207	
04.07.2020	04:15:00	208	
04.07.2020	04:30:00	207	
04.07.2020	04:45:00	208	
04.07.2020	05:00:00	209	
04.07.2020	05:15:00	208	
04.07.2020	05:30:00	207	
04.07.2020	05:45:00	207	
04.07.2020	06:00:00	207	
04.07.2020	06:15:00	207	
04.07.2020	06:30:00	207	
04.07.2020	06:45:00	207	
04.07.2020	07:00:00	207	
04.07.2020	07:15:00	208	
04.07.2020	07:30:00	208	
04.07.2020	07:45:00	208	
04.07.2020	08:00:00	208	
04.07.2020	08:15:00	207	
04.07.2020	08:30:00	208	
04.07.2020	08:45:00	208	
04.07.2020	09:00:00	208	
04.07.2020	09:15:00	207	
04.07.2020	09:30:00	208	
04.07.2020	09:45:00	209	
04.07.2020	10:00:00	209	
04.07.2020	10:15:00	210	
04.07.2020	10:30:00	208	
04.07.2020	10:45:00	209	
04.07.2020	11:00:00	207	
04.07.2020	11:15:00	207	
04.07.2020	11:30:00	208	
04.07.2020	11:45:00	207	
04.07.2020	12:00:00	207	
04.07.2020	12:15:00	208	
04.07.2020	12:30:00	207	
04.07.2020	12:45:00	208	
04.07.2020	13:00:00	208	
04.07.2020	13:15:00	207	
04.07.2020	13:30:00	206	
04.07.2020	13:45:00	207	
04.07.2020	14:00:00	206	
04.07.2020	14:15:00	206	
04.07.2020	14:30:00	206	
04.07.2020	14:45:00	207	
04.07.2020	15:00:00	207	
04.07.2020	15:15:00	208	
04.07.2020	15:30:00	207	
04.07.2020	15:45:00	207	
04.07.2020	16:00:00	209	
04.07.2020	16:15:00	207	
04.07.2020	16:30:00	206	
04.07.2020	16:45:00	206	
04.07.2020	17:00:00	207	
04.07.2020	17:15:00	206	
04.07.2020	17:30:00	206	
04.07.2020	17:45:00	206	
04.07.2020	18:00:00	207	
04.07.2020	18:15:00	207	
04.07.2020	18:30:00	207	
04.07.2020	18:45:00	207	
04.07.2020	19:00:00	206	
04.07.2020	19:15:00	207	
04.07.2020	19:30:00	206	
04.07.2020	19:45:00	206	
04.07.2020	20:00:00	206	
04.07.2020	20:15:00	206	
04.07.2020	20:30:00	206	
04.07.2020	20:45:00	206	
04.07.2020	21:00:00	206	
04.07.2020	21:15:00	206	
04.07.2020	21:30:00	206	
04.07.2020	21:45:00	206	
04.07.2020	22:00:00	206	
04.07.2020	22:15:00	206	
04.07.2020	22:30:00	206	
04.07.2020	22:45:00	206	
04.07.2020	23:00:00	206	
04.07.2020	23:15:00	207	
04.07.2020	23:30:00	206	
04.07.2020	23:45:00	207	
05.07.2020	00:00:00	207	
05.07.2020	00:15:00	208	
05.07.2020	00:30:00	207	
05.07.2020	00:45:00	207	
05.07.2020	01:00:00	208	
05.07.2020	01:15:00	208	
05.07.2020	01:30:00	207	
05.07.2020	01:45:00	208	
05.07.2020	02:00:00	208	
05.07.2020	02:15:00	208	
05.07.2020	02:30:00	209	
05.07.2020	02:45:00	209	
05.07.2020	03:00:00	210	
05.07.2020	03:15:00	209	
05.07.2020	03:30:00	210	
05.07.2020	03:45:00	210	
05.07.2020	04:00:00	210	
05.07.2020	04:15:00	211	
05.07.2020	04:30:00	212	
05.07.2020	04:45:00	211	
05.07.2020	05:00:00	211	
05.07.2020	05:15:00	212	
05.07.2020	05:30:00	212	
05.07.2020	05:45:00	212	
05.07.2020	06:00:00	213	
05.07.2020	06:15:00	213	
05.07.2020	06:30:00	213	
05.07.2020	06:45:00	213	
05.07.2020	07:00:00	214	
05.07.2020	07:15:00	214	
05.07.2020	07:30:00	214	
05.07.2020	07:45:00	214	
05.07.2020	08:00:00	214	
05.07.2020	08:15:00	215	
05.07.2020	08:30:00	216	
05.07.2020	08:45:00	215	
05.07.2020	09:00:00	217	
05.07.2020	09:15:00	215	
05.07.2020	09:30:00	215	
05.07.2020	09:45:00	216	
05.07.2020	10:00:00	216	
05.07.2020	10:15:00	216	
05.07.2020	10:30:00	217	
05.07.2020	10:45:00	217	
05.07.2020	11:00:00	218	
05.07.2020	11:15:00	217	
05.07.2020	11:30:00	216	
05.07.2020	11:45:00	217	
05.07.2020	12:00:00	216	
05.07.2020	12:15:00	217	
05.07.2020	12:30:00	216	
05.07.2020	12:45:00	217	
05.07.2020	13:00:00	217	
05.07.2020	13:15:00	217	
05.07.2020	13:30:00	217	
05.07.2020	13:45:00	218	
05.07.2020	14:00:00	217	
05.07.2020	14:15:00	217	
05.07.2020	14:30:00	218	
05.07.2020	14:45:00	218	
05.07.2020	15:00:00	218	
05.07.2020	15:15:00	219	
05.07.2020	15:30:00	218	
05.07.2020	15:45:00	218	
05.07.2020	16:00:00	218	
05.07.2020	16:15:00	219	
05.07.2020	16:30:00	219	
05.07.2020	16:45:00	218	
05.07.2020	17:00:00	219	
05.07.2020	17:15:00	219	
05.07.2020	17:30:00	219	
05.07.2020	17:45:00	219	
05.07.2020	18:00:00	220	
05.07.2020	18:15:00	220	
05.07.2020	18:30:00	219	
05.07.2020	18:45:00	221	
05.07.2020	19:00:00	220	
05.07.2020	19:15:00	219	
05.07.2020	19:30:00	220	
05.07.2020	19:45:00	220	
05.07.2020	20:00:00	220	
05.07.2020	20:15:00	220	
05.07.2020	20:30:00	220	
05.07.2020	20:45:00	220	
05.07.2020	21:00:00	220	
05.07.2020	21:15:00	220	
05.07.2020	21:30:00	220	
05.07.2020	21:45:00	220	
05.07.2020	22:00:00	220	
05.07.2020	22:15:00	220	
05.07.2020	22:30:00	221	
05.07.2020	22:45:00	220	
05.07.2020	23:00:00	220	
05.07.2020	23:15:00	221	
05.07.2020	23:30:00	220	
05.07.2020	23:45:00	220	
06.07.2020	00:00:00	220	
06.07.2020	00:15:00	220	
06.07.2020	00:30:00	220	
06.07.2020	00:45:00	220	
06.07.2020	01:00:00	220	
06.07.2020	01:15:00	221	
06.07.2020	01:30:00	220	
06.07.2020	01:45:00	220	
06.07.2020	02:00:00	221	
06.07.2020	02:15:00	220	
06.07.2020	02:30:00	220	
06.07.2020	02:45:00	221	
06.07.2020	03:00:00	220	
06.07.2020	03:15:00	220	
06.07.2020	03:30:00	220	
06.07.2020	03:45:00	220	
06.07.2020	04:00:00	220	
06.07.2020	04:15:00	220	
06.07.2020	04:30:00	220	
06.07.2020	04:45:00	220	
06.07.2020	05:00:00	220	
06.07.2020	05:15:00	219	
06.07.2020	05:30:00	219	
06.07.2020	05:45:00	219	
06.07.2020	06:00:00	219	
06.07.2020	06:15:00	221	
06.07.2020	06:30:00	220	
06.07.2020	06:45:00	219	
06.07.2020	07:00:00	220	
06.07.2020	07:15:00	219	
06.07.2020	07:30:00	219	
06.07.2020	07:45:00	219	
06.07.2020	08:00:00	220	
06.07.2020	08:15:00	218	
06.07.2020	08:30:00	219	
06.07.2020	08:45:00	219	
06.07.2020	09:00:00	218	
06.07.2020	09:15:00	219	
06.07.2020	09:30:00	218	
06.07.2020	09:45:00	218	
06.07.2020	10:00:00	218	
06.07.2020	10:15:00	218	
06.07.2020	10:30:00	217	
06.07.2020	10:45:00	217	
06.07.2020	11:00:00	218	
06.07.2020	11:15:00	218	
06.07.2020	11:30:00	218	
06.07.2020	11:45:00	217	
06.07.2020	12:00:00	217	
06.07.2020	12:15:00	217	
06.07.2020	12:30:00	217	
06.07.2020	12:45:00	217	
06.07.2020	13:00:00	218	
06.07.2020	13:15:00	216	
06.07.2020	13:30:00	217	
06.07.2020	13:45:00	216	
06.07.2020	14:00:00	216	
06.07.2020	14:15:00	216	
06.07.2020	14:30:00	215	
06.07.2020	14:45:00	215	
06.07.2020	15:00:00	215	
06.07.2020	15:15:00	216	
06.07.2020	15:30:00	216	
06.07.2020	15:45:00	215	
06.07.2020	16:00:00	216	
06.07.2020	16:15:00	215	
06.07.2020	16:30:00	215	
06.07.2020	16:45:00	215	
06.07.2020	17:00:00	216	
06.07.2020	17:15:00	215	
06.07.2020	17:30:00	216	
06.07.2020	17:45:00	215	
06.07.2020	18:00:00	216	
06.07.2020	18:15:00	216	
06.07.2020	18:30:00	215	
06.07.2020	18:45:00	215	
06.07.2020	19:00:00	216	
06.07.2020	19:15:00	215	
06.07.2020	19:30:00	215	
06.07.2020	19:45:00	215	
06.07.2020	20:00:00	216	
06.07.2020	20:15:00	216	
06.07.2020	20:30:00	217	
06.07.2020	20:45:00	215	
06.07.2020	21:00:00	215	
06.07.2020	21:15:00	215	
06.07.2020	21:30:00	216	
06.07.2020	21:45:00	214	
06.07.2020	22:00:00	215	
06.07.2020	22:15:00	214	
06.07.2020	22:30:00	214	
06.07.2020	22:45:00	214	
06.07.2020	23:00:00	214	
06.07.2020	23:15:00	214	
06.07.2020	23:30:00	214	
06.07.2020	23:45:00	213	
07.07.2020	00:00:00	214	
07.07.2020	00:15:00	213	
07.07.2020	00:30:00	214	
07.07.2020	00:45:00	212	
07.07.2020	01:00:00	212	
07.07.2020	01:15:00	212	
07.07.2020	01:30:00	211	
07.07.2020	01:45:00	211	
07.07.2020	02:00:00	211	
07.07.2020	02:15:00	211	
07.07.2020	02:30:00	210	
07.07.2020	02:45:00	210	
07.07.2020	03:00:00	210	
07.07.2020	03:15:00	209	
07.07.2020	03:30:00	210	
07.07.2020	03:45:00	209	
07.07.2020	04:00:00	209	
07.07.2020	04:15:00	209	
07.07.2020	04:30:00	208	
07.07.2020	04:45:00	208	
07.07.2020	05:00:00	208	
07.07.2020	05:15:00	208	
07.07.2020	05:30:00	207	
07.07.2020	05:45:00	207	
07.07.2020	06:00:00	207	
07.07.2020	06:15:00	207	
07.07.2020	06:30:00	208	
07.07.2020	06:45:00	208	
07.07.2020	07:00:00	209	
07.07.2020	07:15:00	208	
07.07.2020	07:30:00	206	
07.07.2020	07:45:00	207	
07.07.2020	08:00:00	206	
07.07.2020	08:15:00	207	
07.07.2020	08:30:00	206	
07.07.2020	08:45:00	206	
07.07.2020	09:00:00	207	
07.07.2020	09:15:00	206	
07.07.2020	09:30:00	207	
07.07.2020	09:45:00	206	
07.07.2020	10:00:00	205	
07.07.2020	10:15:00	205	
07.07.2020	10:30:00	205	
07.07.2020	10:45:00	205	
07.07.2020	11:00:00	205	
07.07.2020	11:15:00	205	
07.07.2020	11:30:00	204	
07.07.2020	11:45:00	205	
07.07.2020	12:00:00	205	
07.07.2020	12:15:00	204	
07.07.2020	12:30:00	204	
07.07.2020	12:45:00	204	
07.07.2020	13:00:00	203	
07.07.2020	13:15:00	204	
07.07.2020	13:30:00	203	
07.07.2020	13:45:00	203	
07.07.2020	14:00:00	203	
07.07.2020	14:15:00	203	
07.07.2020	14:30:00	204	
07.07.2020	14:45:00	203	
07.07.2020	15:00:00	203	
07.07.2020	15:15:00	202	
07.07.2020	15:30:00	202	
07.07.2020	15:45:00	202	
07.07.2020	16:00:00	202	
07.07.2020	16:15:00	201	
07.07.2020	16:30:00	203	
07.07.2020	16:45:00	202	
07.07.2020	17:00:00	202	
07.07.2020	17:15:00	203	
07.07.2020	17:30:00	202	
07.07.2020	17:45:00	201	
07.07.2020	18:00:00	202	
07.07.2020	18:15:00	201	
07.07.2020	18:30:00	201	
07.07.2020	18:45:00	201	
07.07.2020	19:00:00	201	
07.07.2020	19:15:00	201	
07.07.2020	19:30:00	201	
07.07.2020	19:45:00	201	
07.07.2020	20:00:00	201	
07.07.2020	20:15:00	201	
07.07.2020	20:30:00	201	
07.07.2020	20:45:00	201	
07.07.2020	21:00:00	201	
07.07.2020	21:15:00	201	
07.07.2020	21:30:00	201	
07.07.2020	21:45:00	201	
07.07.2020	22:00:00	201	
07.07.2020	22:15:00	200	
07.07.2020	22:30:00	200	
07.07.2020	22:45:00	200	
07.07.2020	23:00:00	200	
07.07.2020	23:15:00	200	
07.07.2020	23:30:00	200	
07.07.2020	23:45:00	200	
08.07.2020	00:00:00	199	
08.07.2020	00:15:00	199	
08.07.2020	00:30:00	199	
08.07.2020	00:45:00	199	
08.07.2020	01:00:00	199	
08.07.2020	01:15:00	199	
08.07.2020	01:30:00	198	
08.07.2020	01:45:00	198	
08.07.2020	02:00:00	199	
08.07.2020	02:15:00	197	
08.07.2020	02:30:00	198	
08.07.2020	02:45:00	198	
08.07.2020	03:00:00	198	
08.07.2020	03:15:00	197	
08.07.2020	03:30:00	197	
08.07.2020	03:45:00	198	
08.07.2020	04:00:00	197	
08.07.2020	04:15:00	197	
08.07.2020	04:30:00	197	
08.07.2020	04:45:00	196	
08.07.2020	05:00:00	196	
08.07.2020	05:15:00	197	
08.07.2020	05:30:00	196	
08.07.2020	05:45:00	196	
08.07.2020	06:00:00	196	
08.07.2020	06:15:00	196	
08.07.2020	06:30:00	196	
08.07.2020	06:45:00	196	
08.07.2020	07:00:00	195	
08.07.2020	07:15:00	195	
08.07.2020	07:30:00	195	
08.07.2020	07:45:00	195	
08.07.2020	08:00:00	195	
08.07.2020	08:15:00	195	
08.07.2020	08:30:00	196	
08.07.2020	08:45:00	194	
08.07.2020	09:00:00	195	
08.07.2020	09:15:00	194	
08.07.2020	09:30:00	194	
08.07.2020	09:45:00	194	
08.07.2020	10:00:00	194	
08.07.2020	10:15:00	194	
08.07.2020	10:30:00	193	
08.07.2020	10:45:00	192	
08.07.2020	11:00:00	193	
08.07.2020	11:15:00	194	
08.07.2020	11:30:00	193	
08.07.2020	11:45:00	193	
08.07.2020	12:00:00	192	
08.07.2020	12:15:00	193	
08.07.2020	12:30:00	192	
08.07.2020	12:45:00	191	
08.07.2020	13:00:00	192	
08.07.2020	13:15:00	191	
08.07.2020	13:30:00	191	
08.07.2020	13:45:00	191	
08.07.2020	14:00:00	193	
08.07.2020	14:15:00	191	
08.07.2020	14:30:00	191	
08.07.2020	14:45:00	190	
08.07.2020	15:00:00	191	
08.07.2020	15:15:00	190	
08.07.2020	15:30:00	190	
08.07.2020	15:45:00	191	
08.07.2020	16:00:00	190	
08.07.2020	16:15:00	190	
08.07.2020	16:30:00	190	
08.07.2020	16:45:00	190	
08.07.2020	17:00:00	189	
08.07.2020	17:15:00	189	
08.07.2020	17:30:00	189	
08.07.2020	17:45:00	189	
08.07.2020	18:00:00	189	
08.07.2020	18:15:00	189	
08.07.2020	18:30:00	190	
08.07.2020	18:45:00	189	
08.07.2020	19:00:00	190	
08.07.2020	19:15:00	189	
08.07.2020	19:30:00	189	
08.07.2020	19:45:00	189	
08.07.2020	20:00:00	189	
08.07.2020	20:15:00	188	
08.07.2020	20:30:00	188	
08.07.2020	20:45:00	189	
08.07.2020	21:00:00	190	
08.07.2020	21:15:00	189	
08.07.2020	21:30:00	188	
08.07.2020	21:45:00	189	
08.07.2020	22:00:00	188	
08.07.2020	22:15:00	188	
08.07.2020	22:30:00	189	
08.07.2020	22:45:00	188	
08.07.2020	23:00:00	188	
08.07.2020	23:15:00	188	
08.07.2020	23:30:00	188	
08.07.2020	23:45:00	188	
09.07.2020	00:00:00	189	
09.07.2020	00:15:00	188	
09.07.2020	00:30:00	188	
09.07.2020	00:45:00	188	
09.07.2020	01:00:00	188	
09.07.2020	01:15:00	189	
09.07.2020	01:30:00	188	
09.07.2020	01:45:00	188	
09.07.2020	02:00:00	188	
09.07.2020	02:15:00	188	
09.07.2020	02:30:00	188	
09.07.2020	02:45:00	188	
09.07.2020	03:00:00	188	
09.07.2020	03:15:00	188	
09.07.2020	03:30:00	188	
09.07.2020	03:45:00	187	
09.07.2020	04:00:00	187	
09.07.2020	04:15:00	187	
09.07.2020	04:30:00	187	
09.07.2020	04:45:00	187	
09.07.2020	05:00:00	187	
09.07.2020	05:15:00	187	
09.07.2020	05:30:00	187	
09.07.2020	05:45:00	187	
09.07.2020	06:00:00	187	
09.07.2020	06:15:00	187	
09.07.2020	06:30:00	188	
09.07.2020	06:45:00	186	
09.07.2020	07:00:00	186	
09.07.2020	07:15:00	186	
09.07.2020	07:30:00	186	
09.07.2020	07:45:00	186	
09.07.2020	08:00:00	186	
09.07.2020	08:15:00	185	
09.07.2020	08:30:00	185	
09.07.2020	08:45:00	185	
09.07.2020	09:00:00	186	
09.07.2020	09:15:00	185	
09.07.2020	09:30:00	184	
09.07.2020	09:45:00	185	
09.07.2020	10:00:00	184	
09.07.2020	10:15:00	185	
09.07.2020	10:30:00	184	
09.07.2020	10:45:00	184	
09.07.2020	11:00:00	184	
09.07.2020	11:15:00	184	
09.07.2020	11:30:00	184	
09.07.2020	11:45:00	184	
09.07.2020	12:00:00	184	
09.07.2020	12:15:00	185	
09.07.2020	12:30:00	184	
09.07.2020	12:45:00	184	
09.07.2020	13:00:00	184	
09.07.2020	13:15:00	184	
09.07.2020	13:30:00	183	
09.07.2020	13:45:00	184	
09.07.2020	14:00:00	184	
09.07.2020	14:15:00	183	
09.07.2020	14:30:00	184	
09.07.2020	14:45:00	184	
09.07.2020	15:00:00	184	
09.07.2020	15:15:00	183	
09.07.2020	15:30:00	184	
09.07.2020	15:45:00	183	
09.07.2020	16:00:00	183	
09.07.2020	16:15:00	184	
09.07.2020	16:30:00	183	
09.07.2020	16:45:00	184	
09.07.2020	17:00:00	183	
09.07.2020	17:15:00	182	
09.07.2020	17:30:00	182	
09.07.2020	17:45:00	183	
09.07.2020	18:00:00	181	
09.07.2020	18:15:00	181	
09.07.2020	18:30:00	181	
09.07.2020	18:45:00	181	
09.07.2020	19:00:00	180	
09.07.2020	19:15:00	180	
09.07.2020	19:30:00	180	
09.07.2020	19:45:00	179	
09.07.2020	20:00:00	180	
09.07.2020	20:15:00	180	
09.07.2020	20:30:00	179	
09.07.2020	20:45:00	178	
09.07.2020	21:00:00	178	
09.07.2020	21:15:00	178	
09.07.2020	21:30:00	177	
09.07.2020	21:45:00	177	
09.07.2020	22:00:00	177	
09.07.2020	22:15:00	177	
09.07.2020	22:30:00	177	
09.07.2020	22:45:00	176	
09.07.2020	23:00:00	176	
09.07.2020	23:15:00	175	
09.07.2020	23:30:00	175	
09.07.2020	23:45:00	175	
10.07.2020	00:00:00	175	
10.07.2020	00:15:00	174	
10.07.2020	00:30:00	175	
10.07.2020	00:45:00	174	
10.07.2020	01:00:00	173	
10.07.2020	01:15:00	174	
10.07.2020	01:30:00	174	
10.07.2020	01:45:00	173	
10.07.2020	02:00:00	173	
10.07.2020	02:15:00	173	
10.07.2020	02:30:00	173	
10.07.2020	02:45:00	172	
10.07.2020	03:00:00	172	
10.07.2020	03:15:00	173	
10.07.2020	03:30:00	172	
10.07.2020	03:45:00	173	
10.07.2020	04:00:00	171	
10.07.2020	04:15:00	171	
10.07.2020	04:30:00	171	
10.07.2020	04:45:00	172	
10.07.2020	05:00:00	171	
10.07.2020	05:15:00	171	
10.07.2020	05:30:00	171	
10.07.2020	05:45:00	171	
10.07.2020	06:00:00	171	
10.07.2020	06:15:00	171	
10.07.2020	06:30:00	171	
10.07.2020	06:45:00	171	
10.07.2020	07:00:00	171	
10.07.2020	07:15:00	171	
10.07.2020	07:30:00	171	
10.07.2020	07:45:00	170	
10.07.2020	08:00:00	170	
10.07.2020	08:15:00	170	
10.07.2020	08:30:00	171	
10.07.2020	08:45:00	171	
10.07.2020	09:00:00	170	
10.07.2020	09:15:00	170	
10.07.2020	09:30:00	171	
10.07.2020	09:45:00	170	
10.07.2020	10:00:00	170	
10.07.2020	10:15:00	170	
10.07.2020	10:30:00	170	
10.07.2020	10:45:00	169	
10.07.2020	11:00:00	170	
10.07.2020	11:15:00	170	
10.07.2020	11:30:00	169	
10.07.2020	11:45:00	170	
10.07.2020	12:00:00	170	
10.07.2020	12:15:00	170	
10.07.2020	12:30:00	169	
10.07.2020	12:45:00	170	
10.07.2020	13:00:00	169	
10.07.2020	13:15:00	169	
10.07.2020	13:30:00	172	
10.07.2020	13:45:00	169	
10.07.2020	14:00:00	170	
10.07.2020	14:15:00	168	
10.07.2020	14:30:00	169	
10.07.2020	14:45:00	168	
10.07.2020	15:00:00	168	
10.07.2020	15:15:00	168	
10.07.2020	15:30:00	168	
10.07.2020	15:45:00	169	
10.07.2020	16:00:00	169	
10.07.2020	16:15:00	170	
10.07.2020	16:30:00	169	
10.07.2020	16:45:00	169	
10.07.2020	17:00:00	169	
10.07.2020	17:15:00	169	
10.07.2020	17:30:00	169	
10.07.2020	17:45:00	170	
10.07.2020	18:00:00	168	
10.07.2020	18:15:00	169	
10.07.2020	18:30:00	169	
10.07.2020	18:45:00	169	
10.07.2020	19:00:00	169	
10.07.2020	19:15:00	169	
10.07.2020	19:30:00	170	
10.07.2020	19:45:00	170	
10.07.2020	20:00:00	169	
10.07.2020	20:15:00	169	
10.07.2020	20:30:00	169	
10.07.2020	20:45:00	169	
10.07.2020	21:00:00	170	
10.07.2020	21:15:00	169	
10.07.2020	21:30:00	169	
10.07.2020	21:45:00	170	
10.07.2020	22:00:00	169	
10.07.2020	22:15:00	169	
10.07.2020	22:30:00	169	
10.07.2020	22:45:00	168	
10.07.2020	23:00:00	168	
10.07.2020	23:15:00	168	
10.07.2020	23:30:00	168	
10.07.2020	23:45:00	168	
11.07.2020	00:00:00	168	
11.07.2020	00:15:00	168	
11.07.2020	00:30:00	167	
11.07.2020	00:45:00	167	
11.07.2020	01:00:00	167	
11.07.2020	01:15:00	166	
11.07.2020	01:30:00	167	
11.07.2020	01:45:00	166	
11.07.2020	02:00:00	165	
11.07.2020	02:15:00	165	
11.07.2020	02:30:00	164	
11.07.2020	02:45:00	164	
11.07.2020	03:00:00	164	
11.07.2020	03:15:00	164	
11.07.2020	03:30:00	163	
11.07.2020	03:45:00	163	
11.07.2020	04:00:00	162	
11.07.2020	04:15:00	162	
11.07.2020	04:30:00	162	
11.07.2020	04:45:00	161	
11.07.2020	05:00:00	161	
11.07.2020	05:15:00	162	
11.07.2020	05:30:00	160	
11.07.2020	05:45:00	160	
11.07.2020	06:00:00	160	
11.07.2020	06:15:00	160	
11.07.2020	06:30:00	160	
11.07.2020	06:45:00	161	
11.07.2020	07:00:00	161	
11.07.2020	07:15:00	159	
11.07.2020	07:30:00	161	
11.07.2020	07:45:00	159	
11.07.2020	08:00:00	159	
11.07.2020	08:15:00	159	
11.07.2020	08:30:00	159	
11.07.2020	08:45:00	158	
11.07.2020	09:00:00	158	
11.07.2020	09:15:00	158	
11.07.2020	09:30:00	158	
11.07.2020	09:45:00	158	
11.07.2020	10:00:00	158	
11.07.2020	10:15:00	159	
11.07.2020	10:30:00	159	
11.07.2020	10:45:00	157	
11.07.2020	11:00:00	158	
11.07.2020	11:15:00	158	
11.07.2020	11:30:00	159	
11.07.2020	11:45:00	159	
11.07.2020	12:00:00	160	
11.07.2020	12:15:00	160	
11.07.2020	12:30:00	159	
11.07.2020	12:45:00	159	
11.07.2020	13:00:00	159	
11.07.2020	13:15:00	159	
11.07.2020	13:30:00	159	
11.07.2020	13:45:00	160	
11.07.2020	14:00:00	159	
11.07.2020	14:15:00	159	
11.07.2020	14:30:00	159	
11.07.2020	14:45:00	160	
11.07.2020	15:00:00	160	
11.07.2020	15:15:00	159	
11.07.2020	15:30:00	159	
11.07.2020	15:45:00	159	
11.07.2020	16:00:00	159	
11.07.2020	16:15:00	158	
11.07.2020	16:30:00	159	
11.07.2020	16:45:00	159	
11.07.2020	17:00:00	158	
11.07.2020	17:15:00	158	
11.07.2020	17:30:00	159	
11.07.2020	17:45:00	160	
11.07.2020	18:00:00	158	
11.07.2020	18:15:00	158	
11.07.2020	18:30:00	158	
11.07.2020	18:45:00	158	
11.07.2020	19:00:00	158	
11.07.2020	19:15:00	157	
11.07.2020	19:30:00	158	
11.07.2020	19:45:00	157	
11.07.2020	20:00:00	157	
11.07.2020	20:15:00	159	
11.07.2020	20:30:00	156	
11.07.2020	20:45:00	156	
11.07.2020	21:00:00	157	
11.07.2020	21:15:00	157	
11.07.2020	21:30:00	157	
11.07.2020	21:45:00	156	
11.07.2020	22:00:00	156	
11.07.2020	22:15:00	156	
11.07.2020	22:30:00	156	
11.07.2020	22:45:00	156	
11.07.2020	23:00:00	157	
11.07.2020	23:15:00	155	
11.07.2020	23:30:00	155	
11.07.2020	23:45:00	155	
12.07.2020	00:00:00	155	
12.07.2020	00:15:00	155	
12.07.2020	00:30:00	154	
12.07.2020	00:45:00	155	
12.07.2020	01:00:00	155	
12.07.2020	01:15:00	155	
12.07.2020	01:30:00	154	
12.07.2020	01:45:00	155	
12.07.2020	02:00:00	154	
12.07.2020	02:15:00	154	
12.07.2020	02:30:00	154	
12.07.2020	02:45:00	154	
12.07.2020	03:00:00	154	
12.07.2020	03:15:00	154	
12.07.2020	03:30:00	154	
12.07.2020	03:45:00	155	
12.07.2020	04:00:00	154	
12.07.2020	04:15:00	153	
12.07.2020	04:30:00	154	
12.07.2020	04:45:00	153	
12.07.2020	05:00:00	154	
12.07.2020	05:15:00	154	
12.07.2020	05:30:00	154	
12.07.2020	05:45:00	154	
12.07.2020	06:00:00	155	
12.07.2020	06:15:00	155	
12.07.2020	06:30:00	155	
12.07.2020	06:45:00	154	
12.07.2020	07:00:00	155	
12.07.2020	07:15:00	154	
12.07.2020	07:30:00	154	
12.07.2020	07:45:00	153	
12.07.2020	08:00:00	154	
12.07.2020	08:15:00	153	
12.07.2020	08:30:00	154	
12.07.2020	08:45:00	153	
12.07.2020	09:00:00	154	
12.07.2020	09:15:00	153	
12.07.2020	09:30:00	154	
12.07.2020	09:45:00	154	
12.07.2020	10:00:00	154	
12.07.2020	10:15:00	153	
12.07.2020	10:30:00	153	
12.07.2020	10:45:00	153	
12.07.2020	11:00:00	153	
12.07.2020	11:15:00	154	
12.07.2020	11:30:00	153	
12.07.2020	11:45:00	153	
12.07.2020	12:00:00	153	
12.07.2020	12:15:00	154	
12.07.2020	12:30:00	153	
12.07.2020	12:45:00	152	
12.07.2020	13:00:00	153	
12.07.2020	13:15:00	152	
12.07.2020	13:30:00	152	
12.07.2020	13:45:00	152	
12.07.2020	14:00:00	152	
12.07.2020	14:15:00	152	
12.07.2020	14:30:00	152	
12.07.2020	14:45:00	151	
12.07.2020	15:00:00	152	
12.07.2020	15:15:00	152	
12.07.2020	15:30:00	152	
12.07.2020	15:45:00	151	
12.07.2020	16:00:00	152	
12.07.2020	16:15:00	151	
12.07.2020	16:30:00	151	
12.07.2020	16:45:00	151	
12.07.2020	17:00:00	151	
12.07.2020	17:15:00	150	
12.07.2020	17:30:00	150	
12.07.2020	17:45:00	150	
12.07.2020	18:00:00	151	
12.07.2020	18:15:00	150	
12.07.2020	18:30:00	150	
12.07.2020	18:45:00	150	
12.07.2020	19:00:00	150	
12.07.2020	19:15:00	150	
12.07.2020	19:30:00	150	
12.07.2020	19:45:00	150	
12.07.2020	20:00:00	150	
12.07.2020	20:15:00	150	
12.07.2020	20:30:00	150	
12.07.2020	20:45:00	150	
12.07.2020	21:00:00	150	
12.07.2020	21:15:00	150	
12.07.2020	21:30:00	150	
12.07.2020	21:45:00	151	
12.07.2020	22:00:00	151	
12.07.2020	22:15:00	150	
12.07.2020	22:30:00	151	
12.07.2020	22:45:00	150	
12.07.2020	23:00:00	150	
12.07.2020	23:15:00	150	
12.07.2020	23:30:00	151	
12.07.2020	23:45:00	151	
13.07.2020	00:00:00	151	
13.07.2020	00:15:00	151	
13.07.2020	00:30:00	151	
13.07.2020	00:45:00	151	
13.07.2020	01:00:00	151	
13.07.2020	01:15:00	151	
13.07.2020	01:30:00	152	
13.07.2020	01:45:00	152	
13.07.2020	02:00:00	152	
13.07.2020	02:15:00	152	
13.07.2020	02:30:00	152	
13.07.2020	02:45:00	153	
13.07.2020	03:00:00	152	
13.07.2020	03:15:00	153	
13.07.2020	03:30:00	152	
13.07.2020	03:45:00	152	
13.07.2020	04:00:00	153	
13.07.2020	04:15:00	153	
13.07.2020	04:30:00	154	
13.07.2020	04:45:00	154	
13.07.2020	05:00:00	154	
13.07.2020	05:15:00	155	
13.07.2020	05:30:00	154	
13.07.2020	05:45:00	154	
13.07.2020	06:00:00	155	
13.07.2020	06:15:00	155	
13.07.2020	06:30:00	155	
13.07.2020	06:45:00	156	
13.07.2020	07:00:00	156	
13.07.2020	07:15:00	157	
13.07.2020	07:30:00	158	
13.07.2020	07:45:00	158	
13.07.2020	08:00:00	158	
13.07.2020	08:15:00	158	
13.07.2020	08:30:00	158	
13.07.2020	08:45:00	158	
13.07.2020	09:00:00	159	
13.07.2020	09:15:00	159	
13.07.2020	09:30:00	160	
13.07.2020	09:45:00	160	
13.07.2020	10:00:00	160	
13.07.2020	10:15:00	160	
13.07.2020	10:30:00	160	
13.07.2020	10:45:00	161	
13.07.2020	11:00:00	161	
13.07.2020	11:15:00	161	
13.07.2020	11:30:00	161	
13.07.2020	11:45:00	162	
13.07.2020	12:00:00	161	
13.07.2020	12:15:00	161	
13.07.2020	12:30:00	162	
13.07.2020	12:45:00	162	
13.07.2020	13:00:00	162	
13.07.2020	13:15:00	162	
13.07.2020	13:30:00	163	
13.07.2020	13:45:00	164	
13.07.2020	14:00:00	163	
13.07.2020	14:15:00	163	
13.07.2020	14:30:00	163	
13.07.2020	14:45:00	164	
13.07.2020	15:00:00	164	
13.07.2020	15:15:00	164	
13.07.2020	15:30:00	164	
13.07.2020	15:45:00	164	
13.07.2020	16:00:00	164	
13.07.2020	16:15:00	165	
13.07.2020	16:30:00	164	
13.07.2020	16:45:00	165	
13.07.2020	17:00:00	165	
13.07.2020	17:15:00	164	
13.07.2020	17:30:00	165	
13.07.2020	17:45:00	165	
13.07.2020	18:00:00	165	
13.07.2020	18:15:00	165	
13.07.2020	18:30:00	165	
13.07.2020	18:45:00	166	
13.07.2020	19:00:00	165	
13.07.2020	19:15:00	166	
13.07.2020	19:30:00	166	
13.07.2020	19:45:00	167	
13.07.2020	20:00:00	166	
13.07.2020	20:15:00	166	
13.07.2020	20:30:00	166	
13.07.2020	20:45:00	167	
13.07.2020	21:00:00	167	
13.07.2020	21:15:00	167	
13.07.2020	21:30:00	167	
13.07.2020	21:45:00	167	
13.07.2020	22:00:00	168	
13.07.2020	22:15:00	168	
13.07.2020	22:30:00	168	
13.07.2020	22:45:00	167	
13.07.2020	23:00:00	168	
13.07.2020	23:15:00	168	
13.07.2020	23:30:00	168	
13.07.2020	23:45:00	168	
14.07.2020	00:00:00	168	
14.07.2020	00:15:00	168	
14.07.2020	00:30:00	168	
14.07.2020	00:45:00	168	
14.07.2020	01:00:00	168	
14.07.2020	01:15:00	168	
14.07.2020	01:30:00	168	
14.07.2020	01:45:00	168	
14.07.2020	02:00:00	169	
14.07.2020	02:15:00	169	
14.07.2020	02:30:00	169	
14.07.2020	02:45:00	169	
14.07.2020	03:00:00	169	
14.07.2020	03:15:00	169	
14.07.2020	03:30:00	169	
14.07.2020	03:45:00	169	
14.07.2020	04:00:00	169	
14.07.2020	04:15:00	170	
14.07.2020	04:30:00	170	
14.07.2020	04:45:00	170	
14.07.2020	05:00:00	170	
14.07.2020	05:15:00	170	
14.07.2020	05:30:00	170	
14.07.2020	05:45:00	170	
14.07.2020	06:00:00	170	
14.07.2020	06:15:00	171	
14.07.2020	06:30:00	171	
14.07.2020	06:45:00	171	
14.07.2020	07:00:00	172	
14.07.2020	07:15:00	171	
14.07.2020	07:30:00	172	
14.07.2020	07:45:00	171	
14.07.2020	08:00:00	172	
14.07.2020	08:15:00	172	
14.07.2020	08:30:00	172	
14.07.2020	08:45:00	173	
14.07.2020	09:00:00	171	
14.07.2020	09:15:00	172	
14.07.2020	09:30:00	172	
14.07.2020	09:45:00	172	
14.07.2020	10:00:00	172	
14.07.2020	10:15:00	172	
14.07.2020	10:30:00	173	
14.07.2020	10:45:00	172	
14.07.2020	11:00:00	172	
14.07.2020	11:15:00	173	
14.07.2020	11:30:00	172	
14.07.2020	11:45:00	173	
14.07.2020	12:00:00	173	
14.07.2020	12:15:00	172	
14.07.2020	12:30:00	172	
14.07.2020	12:45:00	172	
14.07.2020	13:00:00	173	
14.07.2020	13:15:00	172	
14.07.2020	13:30:00	172	
14.07.2020	13:45:00	171	
14.07.2020	14:00:00	172	
14.07.2020	14:15:00	172	
14.07.2020	14:30:00	172	
14.07.2020	14:45:00	172	
14.07.2020	15:00:00	171	
14.07.2020	15:15:00	171	
14.07.2020	15:30:00	171	
14.07.2020	15:45:00	171	
14.07.2020	16:00:00	171	
14.07.2020	16:15:00	172	
14.07.2020	16:30:00	171	
14.07.2020	16:45:00	171	
14.07.2020	17:00:00	171	
14.07.2020	17:15:00	170	
14.07.2020	17:30:00	172	
14.07.2020	17:45:00	170	
14.07.2020	18:00:00	171	
14.07.2020	18:15:00	171	
14.07.2020	18:30:00	171	
14.07.2020	18:45:00	171	
14.07.2020	19:00:00	170	
14.07.2020	19:15:00	170	
14.07.2020	19:30:00	170	
14.07.2020	19:45:00	170	
14.07.2020	20:00:00	170	
14.07.2020	20:15:00	170	
14.07.2020	20:30:00	170	
14.07.2020	20:45:00	170	
14.07.2020	21:00:00	170	
14.07.2020	21:15:00	171	
14.07.2020	21:30:00	170	
14.07.2020	21:45:00	170	
14.07.2020	22:00:00	171	
14.07.2020	22:15:00	170	
14.07.2020	22:30:00	170	
14.07.2020	22:45:00	171	
14.07.2020	23:00:00	171	
14.07.2020	23:15:00	171	
14.07.2020	23:30:00	170	
14.07.2020	23:45:00	170	
15.07.2020	00:00:00	171	
15.07.2020	00:15:00	171	
15.07.2020	00:30:00	170	
15.07.2020	00:45:00	170	
15.07.2020	01:00:00	171	
15.07.2020	01:15:00	171	
15.07.2020	01:30:00	170	
15.07.2020	01:45:00	170	
15.07.2020	02:00:00	170	
15.07.2020	02:15:00	170	
15.07.2020	02:30:00	170	
15.07.2020	02:45:00	170	
15.07.2020	03:00:00	171	
15.07.2020	03:15:00	170	
15.07.2020	03:30:00	170	
15.07.2020	03:45:00	170	
15.07.2020	04:00:00	170	
15.07.2020	04:15:00	170	
15.07.2020	04:30:00	171	
15.07.2020	04:45:00	170	
15.07.2020	05:00:00	170	
15.07.2020	05:15:00	170	
15.07.2020	05:30:00	170	
15.07.2020	05:45:00	170	
15.07.2020	06:00:00	169	
15.07.2020	06:15:00	169	
15.07.2020	06:30:00	170	
15.07.2020	06:45:00	170	
15.07.2020	07:00:00	169	
15.07.2020	07:15:00	169	
15.07.2020	07:30:00	169	
15.07.2020	07:45:00	169	
15.07.2020	08:00:00	169	
15.07.2020	08:15:00	169	
15.07.2020	08:30:00	169	
15.07.2020	08:45:00	169	
15.07.2020	09:00:00	169	
15.07.2020	09:15:00	170	
15.07.2020	09:30:00	170	
15.07.2020	09:45:00	169	
15.07.2020	10:00:00	170	
15.07.2020	10:15:00	170	
15.07.2020	10:30:00	169	
15.07.2020	10:45:00	170	
15.07.2020	11:00:00	169	
15.07.2020	11:15:00	169	
15.07.2020	11:30:00	170	
15.07.2020	11:45:00	169	
15.07.2020	12:00:00	169	
15.07.2020	12:15:00	170	
15.07.2020	12:30:00	169	
15.07.2020	12:45:00	169	
15.07.2020	13:00:00	169	
15.07.2020	13:15:00	170	
15.07.2020	13:30:00	169	
15.07.2020	13:45:00	169	
15.07.2020	14:00:00	169	
15.07.2020	14:15:00	169	
15.07.2020	14:30:00	169	
15.07.2020	14:45:00	169	
15.07.2020	15:00:00	168	
15.07.2020	15:15:00	168	
15.07.2020	15:30:00	170	
15.07.2020	15:45:00	168	
15.07.2020	16:00:00	168	
15.07.2020	16:15:00	168	
15.07.2020	16:30:00	168	
15.07.2020	16:45:00	167	
15.07.2020	17:00:00	167	
15.07.2020	17:15:00	168	
15.07.2020	17:30:00	167	
15.07.2020	17:45:00	167	
15.07.2020	18:00:00	167	
15.07.2020	18:15:00	167	
15.07.2020	18:30:00	166	
15.07.2020	18:45:00	166	
15.07.2020	19:00:00	167	
15.07.2020	19:15:00	166	
15.07.2020	19:30:00	166	
15.07.2020	19:45:00	166	
15.07.2020	20:00:00	165	
15.07.2020	20:15:00	165	
15.07.2020	20:30:00	166	
15.07.2020	20:45:00	165	
15.07.2020	21:00:00	165	
15.07.2020	21:15:00	165	
15.07.2020	21:30:00	165	
15.07.2020	21:45:00	165	
15.07.2020	22:00:00	165	
15.07.2020	22:15:00	165	
15.07.2020	22:30:00	165	
15.07.2020	22:45:00	165	
15.07.2020	23:00:00	165	
15.07.2020	23:15:00	165	
15.07.2020	23:30:00	165	
15.07.2020	23:45:00	166	
16.07.2020	00:00:00	165	
16.07.2020	00:15:00	166	
16.07.2020	00:30:00	165	
16.07.2020	00:45:00	165	
16.07.2020	01:00:00	166	
16.07.2020	01:15:00	165	
16.07.2020	01:30:00	166	
16.07.2020	01:45:00	165	
16.07.2020	02:00:00	165	
16.07.2020	02:15:00	165	
16.07.2020	02:30:00	165	
16.07.2020	02:45:00	165	
16.07.2020	03:00:00	165	
16.07.2020	03:15:00	165	
16.07.2020	03:30:00	165	
16.07.2020	03:45:00	164	
16.07.2020	04:00:00	165	
16.07.2020	04:15:00	165	
16.07.2020	04:30:00	165	
16.07.2020	04:45:00	164	
16.07.2020	05:00:00	164	
16.07.2020	05:15:00	164	
16.07.2020	05:30:00	164	
16.07.2020	05:45:00	164	
16.07.2020	06:00:00	164	
16.07.2020	06:15:00	164	
16.07.2020	06:30:00	164	
16.07.2020	06:45:00	164	
16.07.2020	07:00:00	163	
16.07.2020	07:15:00	164	
16.07.2020	07:30:00	164	
16.07.2020	07:45:00	163	
16.07.2020	08:00:00	163	
16.07.2020	08:15:00	164	
16.07.2020	08:30:00	163	
16.07.2020	08:45:00	163	
16.07.2020	09:00:00	164	
16.07.2020	09:15:00	164	
16.07.2020	09:30:00	162	
16.07.2020	09:45:00	162	
16.07.2020	10:00:00	162	
16.07.2020	10:15:00	163	
16.07.2020	10:30:00	162	
16.07.2020	10:45:00	163	
16.07.2020	11:00:00	163	
16.07.2020	11:15:00	162	
16.07.2020	11:30:00	163	
16.07.2020	11:45:00	162	
16.07.2020	12:00:00	162	
16.07.2020	12:15:00	163	
16.07.2020	12:30:00	163	
16.07.2020	12:45:00	162	
16.07.2020	13:00:00	162	
16.07.2020	13:15:00	163	
16.07.2020	13:30:00	162	
16.07.2020	13:45:00	162	
16.07.2020	14:00:00	163	
16.07.2020	14:15:00	162	
16.07.2020	14:30:00	162	
16.07.2020	14:45:00	162	
16.07.2020	15:00:00	163	
16.07.2020	15:15:00	161	
16.07.2020	15:30:00	161	
16.07.2020	15:45:00	162	
16.07.2020	16:00:00	162	
16.07.2020	16:15:00	161	
16.07.2020	16:30:00	161	
16.07.2020	16:45:00	161	
16.07.2020	17:00:00	162	
16.07.2020	17:15:00	161	
16.07.2020	17:30:00	161	
16.07.2020	17:45:00	161	
16.07.2020	18:00:00	162	
16.07.2020	18:15:00	161	
16.07.2020	18:30:00	161	
16.07.2020	18:45:00	161	
16.07.2020	19:00:00	161	
16.07.2020	19:15:00	162	
16.07.2020	19:30:00	161	
16.07.2020	19:45:00	162	
16.07.2020	20:00:00	162	
16.07.2020	20:15:00	162	
16.07.2020	20:30:00	162	
16.07.2020	20:45:00	162	
16.07.2020	21:00:00	162	
16.07.2020	21:15:00	162	
16.07.2020	21:30:00	162	
16.07.2020	21:45:00	162	
16.07.2020	22:00:00	162	
16.07.2020	22:15:00	163	
16.07.2020	22:30:00	162	
16.07.2020	22:45:00	162	
16.07.2020	23:00:00	162	
16.07.2020	23:15:00	161	
16.07.2020	23:30:00	161	
16.07.2020	23:45:00	162	
17.07.2020	00:00:00	162	
17.07.2020	00:15:00	162	
17.07.2020	00:30:00	161	
17.07.2020	00:45:00	161	
17.07.2020	01:00:00	161	
17.07.2020	01:15:00	161	
17.07.2020	01:30:00	161	
17.07.2020	01:45:00	161	
17.07.2020	02:00:00	161	
17.07.2020	02:15:00	161	
17.07.2020	02:30:00	162	
17.07.2020	02:45:00	161	
17.07.2020	03:00:00	161	
17.07.2020	03:15:00	161	
17.07.2020	03:30:00	160	
17.07.2020	03:45:00	160	
17.07.2020	04:00:00	162	
17.07.2020	04:15:00	160	
17.07.2020	04:30:00	160	
17.07.2020	04:45:00	161	
17.07.2020	05:00:00	161	
17.07.2020	05:15:00	160	
17.07.2020	05:30:00	161	
17.07.2020	05:45:00	160	
17.07.2020	06:00:00	161	
17.07.2020	06:15:00	160	
17.07.2020	06:30:00	160	
17.07.2020	06:45:00	161	
17.07.2020	07:00:00	160	
17.07.2020	07:15:00	161	
17.07.2020	07:30:00	160	
17.07.2020	07:45:00	160	
17.07.2020	08:00:00	160	
17.07.2020	08:15:00	160	
17.07.2020	08:30:00	160	
17.07.2020	08:45:00	160	
17.07.2020	09:00:00	160	
17.07.2020	09:15:00	160	
17.07.2020	09:30:00	161	
17.07.2020	09:45:00	160	
17.07.2020	10:00:00	160	
17.07.2020	10:15:00	161	
17.07.2020	10:30:00	160	
17.07.2020	10:45:00	160	
17.07.2020	11:00:00	160	
17.07.2020	11:15:00	160	
17.07.2020	11:30:00	160	
17.07.2020	11:45:00	160	
17.07.2020	12:00:00	160	
17.07.2020	12:15:00	160	
17.07.2020	12:30:00	160	
17.07.2020	12:45:00	160	
17.07.2020	13:00:00	161	
17.07.2020	13:15:00	160	
17.07.2020	13:30:00	160	
17.07.2020	13:45:00	160	
17.07.2020	14:00:00	160	
17.07.2020	14:15:00	160	
17.07.2020	14:30:00	161	
17.07.2020	14:45:00	160	
17.07.2020	15:00:00	159	
17.07.2020	15:15:00	160	
17.07.2020	15:30:00	160	
17.07.2020	15:45:00	159	
17.07.2020	16:00:00	160	
17.07.2020	16:15:00	160	
17.07.2020	16:30:00	160	
17.07.2020	16:45:00	161	
17.07.2020	17:00:00	159	
17.07.2020	17:15:00	160	
17.07.2020	17:30:00	160	
17.07.2020	17:45:00	160	
17.07.2020	18:00:00	160	
17.07.2020	18:15:00	160	
17.07.2020	18:30:00	160	
17.07.2020	18:45:00	160	
17.07.2020	19:00:00	160	
17.07.2020	19:15:00	161	
17.07.2020	19:30:00	160	
17.07.2020	19:45:00	161	
17.07.2020	20:00:00	160	
17.07.2020	20:15:00	160	
17.07.2020	20:30:00	161	
17.07.2020	20:45:00	161	
17.07.2020	21:00:00	160	
17.07.2020	21:15:00	161	
17.07.2020	21:30:00	160	
17.07.2020	21:45:00	160	
17.07.2020	22:00:00	161	
17.07.2020	22:15:00	161	
17.07.2020	22:30:00	161	
17.07.2020	22:45:00	161	
17.07.2020	23:00:00	160	
17.07.2020	23:15:00	160	
17.07.2020	23:30:00	160	
17.07.2020	23:45:00	161	
18.07.2020	00:00:00	161	
18.07.2020	00:15:00	161	
18.07.2020	00:30:00	160	
18.07.2020	00:45:00	160	
18.07.2020	01:00:00	160	
18.07.2020	01:15:00	160	
18.07.2020	01:30:00	160	
18.07.2020	01:45:00	161	
18.07.2020	02:00:00	161	
18.07.2020	02:15:00	160	
18.07.2020	02:30:00	160	
18.07.2020	02:45:00	160	
18.07.2020	03:00:00	160	
18.07.2020	03:15:00	160	
18.07.2020	03:30:00	160	
18.07.2020	03:45:00	160	
18.07.2020	04:00:00	160	
18.07.2020	04:15:00	162	
18.07.2020	04:30:00	160	
18.07.2020	04:45:00	161	
18.07.2020	05:00:00	161	
18.07.2020	05:15:00	161	
18.07.2020	05:30:00	161	
18.07.2020	05:45:00	162	
18.07.2020	06:00:00	161	
18.07.2020	06:15:00	163	
18.07.2020	06:30:00	162	
18.07.2020	06:45:00	161	
18.07.2020	07:00:00	162	
18.07.2020	07:15:00	161	
18.07.2020	07:30:00	161	
18.07.2020	07:45:00	161	
18.07.2020	08:00:00	161	
18.07.2020	08:15:00	161	
18.07.2020	08:30:00	161	
18.07.2020	08:45:00	161	
18.07.2020	09:00:00	162	
18.07.2020	09:15:00	162	
18.07.2020	09:30:00	162	
18.07.2020	09:45:00	161	
18.07.2020	10:00:00	161	
18.07.2020	10:15:00	162	
18.07.2020	10:30:00	162	
18.07.2020	10:45:00	161	
18.07.2020	11:00:00	162	
18.07.2020	11:15:00	163	
18.07.2020	11:30:00	161	
18.07.2020	11:45:00	161	
18.07.2020	12:00:00	161	
18.07.2020	12:15:00	161	
18.07.2020	12:30:00	161	
18.07.2020	12:45:00	162	
18.07.2020	13:00:00	161	
18.07.2020	13:15:00	161	
18.07.2020	13:30:00	162	
18.07.2020	13:45:00	160	
18.07.2020	14:00:00	160	
18.07.2020	14:15:00	162	
18.07.2020	14:30:00	161	
18.07.2020	14:45:00	161	
18.07.2020	15:00:00	162	
18.07.2020	15:15:00	160	
18.07.2020	15:30:00	160	
18.07.2020	15:45:00	160	
18.07.2020	16:00:00	161	
18.07.2020	16:15:00	160	
18.07.2020	16:30:00	160	
18.07.2020	16:45:00	160	
18.07.2020	17:00:00	160	
18.07.2020	17:15:00	159	
18.07.2020	17:30:00	159	
18.07.2020	17:45:00	159	
18.07.2020	18:00:00	159	
18.07.2020	18:15:00	160	
18.07.2020	18:30:00	160	
18.07.2020	18:45:00	159	
18.07.2020	19:00:00	159	
18.07.2020	19:15:00	158	
18.07.2020	19:30:00	158	
18.07.2020	19:45:00	158	
18.07.2020	20:00:00	159	
18.07.2020	20:15:00	158	
18.07.2020	20:30:00	159	
18.07.2020	20:45:00	158	
18.07.2020	21:00:00	158	
18.07.2020	21:15:00	157	
18.07.2020	21:30:00	158	
18.07.2020	21:45:00	158	
18.07.2020	22:00:00	158	
18.07.2020	22:15:00	158	
18.07.2020	22:30:00	159	
18.07.2020	22:45:00	157	
18.07.2020	23:00:00	157	
18.07.2020	23:15:00	157	
18.07.2020	23:30:00	157	
18.07.2020	23:45:00	157	
19.07.2020	00:00:00	158	
19.07.2020	00:15:00	157	
19.07.2020	00:30:00	157	
19.07.2020	00:45:00	157	
19.07.2020	01:00:00	157	
19.07.2020	01:15:00	157	
19.07.2020	01:30:00	157	
19.07.2020	01:45:00	157	
19.07.2020	02:00:00	157	
19.07.2020	02:15:00	158	
19.07.2020	02:30:00	157	
19.07.2020	02:45:00	158	
19.07.2020	03:00:00	157	
19.07.2020	03:15:00	157	
19.07.2020	03:30:00	157	
19.07.2020	03:45:00	157	
19.07.2020	04:00:00	158	
19.07.2020	04:15:00	157	
19.07.2020	04:30:00	157	
19.07.2020	04:45:00	157	
19.07.2020	05:00:00	158	
19.07.2020	05:15:00	157	
19.07.2020	05:30:00	157	
19.07.2020	05:45:00	159	
19.07.2020	06:00:00	158	
19.07.2020	06:15:00	159	
19.07.2020	06:30:00	158	
19.07.2020	06:45:00	157	
19.07.2020	07:00:00	158	
19.07.2020	07:15:00	158	
19.07.2020	07:30:00	159	
19.07.2020	07:45:00	159	
19.07.2020	08:00:00	158	
19.07.2020	08:15:00	158	
19.07.2020	08:30:00	159	
19.07.2020	08:45:00	158	
19.07.2020	09:00:00	158	
19.07.2020	09:15:00	159	
19.07.2020	09:30:00	158	
19.07.2020	09:45:00	159	
19.07.2020	10:00:00	160	
19.07.2020	10:15:00	159	
19.07.2020	10:30:00	159	
19.07.2020	10:45:00	159	
19.07.2020	11:00:00	159	
19.07.2020	11:15:00	159	
19.07.2020	11:30:00	159	
19.07.2020	11:45:00	159	
19.07.2020	12:00:00	159	
19.07.2020	12:15:00	159	
19.07.2020	12:30:00	159	
19.07.2020	12:45:00	159	
19.07.2020	13:00:00	159	
19.07.2020	13:15:00	160	
19.07.2020	13:30:00	159	
19.07.2020	13:45:00	159	
19.07.2020	14:00:00	159	
19.07.2020	14:15:00	160	
19.07.2020	14:30:00	160	
19.07.2020	14:45:00	159	
19.07.2020	15:00:00	160	
19.07.2020	15:15:00	160	
19.07.2020	15:30:00	160	
19.07.2020	15:45:00	160	
19.07.2020	16:00:00	161	
19.07.2020	16:15:00	161	
19.07.2020	16:30:00	160	
19.07.2020	16:45:00	161	
19.07.2020	17:00:00	160	
19.07.2020	17:15:00	161	
19.07.2020	17:30:00	160	
19.07.2020	17:45:00	162	
19.07.2020	18:00:00	160	
19.07.2020	18:15:00	160	
19.07.2020	18:30:00	161	
19.07.2020	18:45:00	162	
19.07.2020	19:00:00	161	
19.07.2020	19:15:00	161	
19.07.2020	19:30:00	162	
19.07.2020	19:45:00	161	
19.07.2020	20:00:00	162	
19.07.2020	20:15:00	162	
19.07.2020	20:30:00	162	
19.07.2020	20:45:00	162	
19.07.2020	21:00:00	162	
19.07.2020	21:15:00	163	
19.07.2020	21:30:00	163	
19.07.2020	21:45:00	163	
19.07.2020	22:00:00	163	
19.07.2020	22:15:00	163	
19.07.2020	22:30:00	163	
19.07.2020	22:45:00	163	
19.07.2020	23:00:00	164	
19.07.2020	23:15:00	164	
19.07.2020	23:30:00	164	
19.07.2020	23:45:00	165	
20.07.2020	00:00:00	164	
20.07.2020	00:15:00	165	
20.07.2020	00:30:00	164	
20.07.2020	00:45:00	164	
20.07.2020	01:00:00	164	
20.07.2020	01:15:00	164	
20.07.2020	01:30:00	165	
20.07.2020	01:45:00	164	
20.07.2020	02:00:00	164	
20.07.2020	02:15:00	165	
20.07.2020	02:30:00	165	
20.07.2020	02:45:00	165	
20.07.2020	03:00:00	164	
20.07.2020	03:15:00	164	
20.07.2020	03:30:00	165	
20.07.2020	03:45:00	164	
20.07.2020	04:00:00	164	
20.07.2020	04:15:00	164	
20.07.2020	04:30:00	164	
20.07.2020	04:45:00	164	
20.07.2020	05:00:00	164	
20.07.2020	05:15:00	164	
20.07.2020	05:30:00	164	
20.07.2020	05:45:00	165	
20.07.2020	06:00:00	165	
20.07.2020	06:15:00	165	
20.07.2020	06:30:00	165	
20.07.2020	06:45:00	165	
20.07.2020	07:00:00	164	
20.07.2020	07:15:00	164	
20.07.2020	07:30:00	165	
20.07.2020	07:45:00	165	
20.07.2020	08:00:00	164	
20.07.2020	08:15:00	165	
20.07.2020	08:30:00	165	
20.07.2020	08:45:00	164	
20.07.2020	09:00:00	164	
20.07.2020	09:15:00	164	
20.07.2020	09:30:00	165	
20.07.2020	09:45:00	163	
20.07.2020	10:00:00	164	
20.07.2020	10:15:00	165	
20.07.2020	10:30:00	163	
20.07.2020	10:45:00	163	
20.07.2020	11:00:00	163	
20.07.2020	11:15:00	164	
20.07.2020	11:30:00	163	
20.07.2020	11:45:00	164	
20.07.2020	12:00:00	162	
20.07.2020	12:15:00	162	
20.07.2020	12:30:00	162	
20.07.2020	12:45:00	162	
20.07.2020	13:00:00	162	
20.07.2020	13:15:00	162	
20.07.2020	13:30:00	161	
20.07.2020	13:45:00	161	
20.07.2020	14:00:00	161	
20.07.2020	14:15:00	161	
20.07.2020	14:30:00	162	
20.07.2020	14:45:00	161	
20.07.2020	15:00:00	162	
20.07.2020	15:15:00	161	
20.07.2020	15:30:00	160	
20.07.2020	15:45:00	160	
20.07.2020	16:00:00	160	
20.07.2020	16:15:00	160	
20.07.2020	16:30:00	160	
20.07.2020	16:45:00	160	
20.07.2020	17:00:00	159	
20.07.2020	17:15:00	160	
20.07.2020	17:30:00	160	
20.07.2020	17:45:00	159	
20.07.2020	18:00:00	159	
20.07.2020	18:15:00	160	
20.07.2020	18:30:00	158	
20.07.2020	18:45:00	158	
20.07.2020	19:00:00	158	
20.07.2020	19:15:00	158	
20.07.2020	19:30:00	158	
20.07.2020	19:45:00	158	
20.07.2020	20:00:00	158	
20.07.2020	20:15:00	157	
20.07.2020	20:30:00	157	
20.07.2020	20:45:00	157	
20.07.2020	21:00:00	157	
20.07.2020	21:15:00	156	
20.07.2020	21:30:00	157	
20.07.2020	21:45:00	156	
20.07.2020	22:00:00	156	
20.07.2020	22:15:00	156	
20.07.2020	22:30:00	156	
20.07.2020	22:45:00	158	
20.07.2020	23:00:00	155	
20.07.2020	23:15:00	156	
20.07.2020	23:30:00	156	
20.07.2020	23:45:00	155	
21.07.2020	00:00:00	155	
21.07.2020	00:15:00	155	
21.07.2020	00:30:00	155	
21.07.2020	00:45:00	155	
21.07.2020	01:00:00	156	
21.07.2020	01:15:00	155	
21.07.2020	01:30:00	155	
21.07.2020	01:45:00	155	
21.07.2020	02:00:00	154	
21.07.2020	02:15:00	154	
21.07.2020	02:30:00	154	
21.07.2020	02:45:00	154	
21.07.2020	03:00:00	154	
21.07.2020	03:15:00	155	
21.07.2020	03:30:00	153	
21.07.2020	03:45:00	153	
21.07.2020	04:00:00	153	
21.07.2020	04:15:00	153	
21.07.2020	04:30:00	153	
21.07.2020	04:45:00	153	
21.07.2020	05:00:00	153	
21.07.2020	05:15:00	153	
21.07.2020	05:30:00	152	
21.07.2020	05:45:00	152	
21.07.2020	06:00:00	152	
21.07.2020	06:15:00	152	
21.07.2020	06:30:00	152	
21.07.2020	06:45:00	152	
21.07.2020	07:00:00	152	
21.07.2020	07:15:00	152	
21.07.2020	07:30:00	151	
21.07.2020	07:45:00	151	
21.07.2020	08:00:00	150	
21.07.2020	08:15:00	151	
21.07.2020	08:30:00	151	
21.07.2020	08:45:00	150	
21.07.2020	09:00:00	150	
21.07.2020	09:15:00	149	
21.07.2020	09:30:00	149	
21.07.2020	09:45:00	149	
21.07.2020	10:00:00	150	
21.07.2020	10:15:00	150	
21.07.2020	10:30:00	150	
21.07.2020	10:45:00	148	
21.07.2020	11:00:00	148	
21.07.2020	11:15:00	148	
21.07.2020	11:30:00	148	
21.07.2020	11:45:00	149	
21.07.2020	12:00:00	148	
21.07.2020	12:15:00	149	
21.07.2020	12:30:00	149	
21.07.2020	12:45:00	148	
21.07.2020	13:00:00	148	
21.07.2020	13:15:00	148	
21.07.2020	13:30:00	147	
21.07.2020	13:45:00	148	
21.07.2020	14:00:00	147	
21.07.2020	14:15:00	148	
21.07.2020	14:30:00	146	
21.07.2020	14:45:00	146	
21.07.2020	15:00:00	147	
21.07.2020	15:15:00	148	
21.07.2020	15:30:00	146	
21.07.2020	15:45:00	146	
21.07.2020	16:00:00	147	
21.07.2020	16:15:00	146	
21.07.2020	16:30:00	146	
21.07.2020	16:45:00	146	
21.07.2020	17:00:00	145	
21.07.2020	17:15:00	145	
21.07.2020	17:30:00	145	
21.07.2020	17:45:00	146	
21.07.2020	18:00:00	146	
21.07.2020	18:15:00	145	
21.07.2020	18:30:00	145	
21.07.2020	18:45:00	145	
21.07.2020	19:00:00	145	
21.07.2020	19:15:00	145	
21.07.2020	19:30:00	145	
21.07.2020	19:45:00	146	
21.07.2020	20:00:00	144	
21.07.2020	20:15:00	144	
21.07.2020	20:30:00	144	
21.07.2020	20:45:00	144	
21.07.2020	21:00:00	144	
21.07.2020	21:15:00	144	
21.07.2020	21:30:00	144	
21.07.2020	21:45:00	144	
21.07.2020	22:00:00	143	
21.07.2020	22:15:00	143	
21.07.2020	22:30:00	143	
21.07.2020	22:45:00	143	
21.07.2020	23:00:00	143	
21.07.2020	23:15:00	143	
21.07.2020	23:30:00	142	
21.07.2020	23:45:00	142	
22.07.2020	00:00:00	142	
22.07.2020	00:15:00	141	
22.07.2020	00:30:00	141	
22.07.2020	00:45:00	142	
22.07.2020	01:00:00	142	
22.07.2020	01:15:00	141	
22.07.2020	01:30:00	141	
22.07.2020	01:45:00	141	
22.07.2020	02:00:00	141	
22.07.2020	02:15:00	141	
22.07.2020	02:30:00	141	
22.07.2020	02:45:00	141	
22.07.2020	03:00:00	141	
22.07.2020	03:15:00	140	
22.07.2020	03:30:00	140	
22.07.2020	03:45:00	140	
22.07.2020	04:00:00	141	
22.07.2020	04:15:00	140	
22.07.2020	04:30:00	140	
22.07.2020	04:45:00	140	
22.07.2020	05:00:00	140	
22.07.2020	05:15:00	140	
22.07.2020	05:30:00	140	
22.07.2020	05:45:00	140	
22.07.2020	06:00:00	140	
22.07.2020	06:15:00	140	
22.07.2020	06:30:00	141	
22.07.2020	06:45:00	140	
22.07.2020	07:00:00	140	
22.07.2020	07:15:00	139	
22.07.2020	07:30:00	140	
22.07.2020	07:45:00	140	
22.07.2020	08:00:00	140	
22.07.2020	08:15:00	140	
22.07.2020	08:30:00	141	
22.07.2020	08:45:00	140	
22.07.2020	09:00:00	139	
22.07.2020	09:15:00	140	
22.07.2020	09:30:00	141	
22.07.2020	09:45:00	140	
22.07.2020	10:00:00	139	
22.07.2020	10:15:00	140	
22.07.2020	10:30:00	140	
22.07.2020	10:45:00	139	
22.07.2020	11:00:00	140	
22.07.2020	11:15:00	140	
22.07.2020	11:30:00	139	
22.07.2020	11:45:00	139	
22.07.2020	12:00:00	140	
22.07.2020	12:15:00	140	
22.07.2020	12:30:00	140	
22.07.2020	12:45:00	140	
22.07.2020	13:00:00	140	
22.07.2020	13:15:00	140	
22.07.2020	13:30:00	141	
22.07.2020	13:45:00	141	
22.07.2020	14:00:00	140	
22.07.2020	14:15:00	140	
22.07.2020	14:30:00	140	
22.07.2020	14:45:00	140	
22.07.2020	15:00:00	141	
22.07.2020	15:15:00	140	
22.07.2020	15:30:00	140	
22.07.2020	15:45:00	140	
22.07.2020	16:00:00	141	
22.07.2020	16:15:00	140	
22.07.2020	16:30:00	141	
22.07.2020	16:45:00	141	
22.07.2020	17:00:00	140	
22.07.2020	17:15:00	139	
22.07.2020	17:30:00	140	
22.07.2020	17:45:00	140	
22.07.2020	18:00:00	140	
22.07.2020	18:15:00	140	
22.07.2020	18:30:00	140	
22.07.2020	18:45:00	139	
22.07.2020	19:00:00	140	
22.07.2020	19:15:00	140	
22.07.2020	19:30:00	140	
22.07.2020	19:45:00	141	
22.07.2020	20:00:00	139	
22.07.2020	20:15:00	139	
22.07.2020	20:30:00	139	
22.07.2020	20:45:00	139	
22.07.2020	21:00:00	139	
22.07.2020	21:15:00	139	
22.07.2020	21:30:00	139	
22.07.2020	21:45:00	140	
22.07.2020	22:00:00	139	
22.07.2020	22:15:00	140	
22.07.2020	22:30:00	138	
22.07.2020	22:45:00	139	
22.07.2020	23:00:00	139	
22.07.2020	23:15:00	138	
22.07.2020	23:30:00	138	
22.07.2020	23:45:00	138	
23.07.2020	00:00:00	138	
23.07.2020	00:15:00	137	
23.07.2020	00:30:00	138	
23.07.2020	00:45:00	138	
23.07.2020	01:00:00	138	
23.07.2020	01:15:00	137	
23.07.2020	01:30:00	137	
23.07.2020	01:45:00	137	
23.07.2020	02:00:00	137	
23.07.2020	02:15:00	137	
23.07.2020	02:30:00	137	
23.07.2020	02:45:00	137	
23.07.2020	03:00:00	137	
23.07.2020	03:15:00	137	
23.07.2020	03:30:00	136	
23.07.2020	03:45:00	136	
23.07.2020	04:00:00	136	
23.07.2020	04:15:00	136	
23.07.2020	04:30:00	136	
23.07.2020	04:45:00	136	
23.07.2020	05:00:00	136	
23.07.2020	05:15:00	136	
23.07.2020	05:30:00	136	
23.07.2020	05:45:00	135	
23.07.2020	06:00:00	135	
23.07.2020	06:15:00	135	
23.07.2020	06:30:00	135	
23.07.2020	06:45:00	135	
23.07.2020	07:00:00	135	
23.07.2020	07:15:00	135	
23.07.2020	07:30:00	134	
23.07.2020	07:45:00	134	
23.07.2020	08:00:00	135	
23.07.2020	08:15:00	134	
23.07.2020	08:30:00	134	
23.07.2020	08:45:00	134	
23.07.2020	09:00:00	134	
23.07.2020	09:15:00	134	
23.07.2020	09:30:00	133	
23.07.2020	09:45:00	133	
23.07.2020	10:00:00	133	
23.07.2020	10:15:00	133	
23.07.2020	10:30:00	133	
23.07.2020	10:45:00	132	
23.07.2020	11:00:00	133	
23.07.2020	11:15:00	133	
23.07.2020	11:30:00	132	
23.07.2020	11:45:00	132	
23.07.2020	12:00:00	132	
23.07.2020	12:15:00	132	
23.07.2020	12:30:00	132	
23.07.2020	12:45:00	134	
23.07.2020	13:00:00	133	
23.07.2020	13:15:00	133	
23.07.2020	13:30:00	132	
23.07.2020	13:45:00	132	
23.07.2020	14:00:00	132	
23.07.2020	14:15:00	133	
23.07.2020	14:30:00	132	
23.07.2020	14:45:00	133	
23.07.2020	15:00:00	132	
23.07.2020	15:15:00	133	
23.07.2020	15:30:00	133	
23.07.2020	15:45:00	133	
23.07.2020	16:00:00	132	
23.07.2020	16:15:00	133	
23.07.2020	16:30:00	133	
23.07.2020	16:45:00	132	
23.07.2020	17:00:00	132	
23.07.2020	17:15:00	132	
23.07.2020	17:30:00	133	
23.07.2020	17:45:00	133	
23.07.2020	18:00:00	133	
23.07.2020	18:15:00	133	
23.07.2020	18:30:00	133	
23.07.2020	18:45:00	133	
23.07.2020	19:00:00	133	
23.07.2020	19:15:00	133	
23.07.2020	19:30:00	133	
23.07.2020	19:45:00	134	
23.07.2020	20:00:00	134	
23.07.2020	20:15:00	133	
23.07.2020	20:30:00	134	
23.07.2020	20:45:00	134	
23.07.2020	21:00:00	135	
23.07.2020	21:15:00	134	
23.07.2020	21:30:00	135	
23.07.2020	21:45:00	135	
23.07.2020	22:00:00	135	
23.07.2020	22:15:00	135	
23.07.2020	22:30:00	135	
23.07.2020	22:45:00	135	
23.07.2020	23:00:00	136	
23.07.2020	23:15:00	136	
23.07.2020	23:30:00	136	
23.07.2020	23:45:00	136	
24.07.2020	00:00:00	136	
24.07.2020	00:15:00	136	
24.07.2020	00:30:00	136	
24.07.2020	00:45:00	136	
24.07.2020	01:00:00	136	
24.07.2020	01:15:00	136	
24.07.2020	01:30:00	136	
24.07.2020	01:45:00	136	
24.07.2020	02:00:00	136	
24.07.2020	02:15:00	135	
24.07.2020	02:30:00	135	
24.07.2020	02:45:00	136	
24.07.2020	03:00:00	136	
24.07.2020	03:15:00	136	
24.07.2020	03:30:00	136	
24.07.2020	03:45:00	135	
24.07.2020	04:00:00	134	
24.07.2020	04:15:00	134	
24.07.2020	04:30:00	135	
24.07.2020	04:45:00	134	
24.07.2020	05:00:00	134	
24.07.2020	05:15:00	135	
24.07.2020	05:30:00	134	
24.07.2020	05:45:00	135	
24.07.2020	06:00:00	133	
24.07.2020	06:15:00	133	
24.07.2020	06:30:00	133	
24.07.2020	06:45:00	133	
24.07.2020	07:00:00	132	
24.07.2020	07:15:00	133	
24.07.2020	07:30:00	132	
24.07.2020	07:45:00	132	
24.07.2020	08:00:00	132	
24.07.2020	08:15:00	132	
24.07.2020	08:30:00	131	
24.07.2020	08:45:00	131	
24.07.2020	09:00:00	131	
24.07.2020	09:15:00	132	
24.07.2020	09:30:00	132	
24.07.2020	09:45:00	132	
24.07.2020	10:00:00	131	
24.07.2020	10:15:00	130	
24.07.2020	10:30:00	131	
24.07.2020	10:45:00	129	
24.07.2020	11:00:00	130	
24.07.2020	11:15:00	130	
24.07.2020	11:30:00	130	
24.07.2020	11:45:00	130	
24.07.2020	12:00:00	129	
24.07.2020	12:15:00	130	
24.07.2020	12:30:00	130	
24.07.2020	12:45:00	130	
24.07.2020	13:00:00	128	
24.07.2020	13:15:00	128	
24.07.2020	13:30:00	128	
24.07.2020	13:45:00	128	
24.07.2020	14:00:00	128	
24.07.2020	14:15:00	127	
24.07.2020	14:30:00	127	
24.07.2020	14:45:00	127	
24.07.2020	15:00:00	128	
24.07.2020	15:15:00	127	
24.07.2020	15:30:00	127	
24.07.2020	15:45:00	127	
24.07.2020	16:00:00	127	
24.07.2020	16:15:00	126	
24.07.2020	16:30:00	126	
24.07.2020	16:45:00	127	
24.07.2020	17:00:00	126	
24.07.2020	17:15:00	126	
24.07.2020	17:30:00	127	
24.07.2020	17:45:00	129	
24.07.2020	18:00:00	126	
24.07.2020	18:15:00	126	
24.07.2020	18:30:00	126	
24.07.2020	18:45:00	127	
24.07.2020	19:00:00	127	
24.07.2020	19:15:00	126	
24.07.2020	19:30:00	127	
24.07.2020	19:45:00	127	
24.07.2020	20:00:00	127	
24.07.2020	20:15:00	127	
24.07.2020	20:30:00	127	
24.07.2020	20:45:00	127	
24.07.2020	21:00:00	127	
24.07.2020	21:15:00	127	
24.07.2020	21:30:00	127	
24.07.2020	21:45:00	128	
24.07.2020	22:00:00	129	
24.07.2020	22:15:00	128	
24.07.2020	22:30:00	129	
24.07.2020	22:45:00	128	
24.07.2020	23:00:00	128	
24.07.2020	23:15:00	129	
24.07.2020	23:30:00	129	
24.07.2020	23:45:00	129	
25.07.2020	00:00:00	129	
25.07.2020	00:15:00	130	
25.07.2020	00:30:00	130	
25.07.2020	00:45:00	130	
25.07.2020	01:00:00	129	
25.07.2020	01:15:00	130	
25.07.2020	01:30:00	130	
25.07.2020	01:45:00	131	
25.07.2020	02:00:00	130	
25.07.2020	02:15:00	131	
25.07.2020	02:30:00	130	
25.07.2020	02:45:00	131	
25.07.2020	03:00:00	131	
25.07.2020	03:15:00	131	
25.07.2020	03:30:00	131	
25.07.2020	03:45:00	131	
25.07.2020	04:00:00	131	
25.07.2020	04:15:00	131	
25.07.2020	04:30:00	131	
25.07.2020	04:45:00	132	
25.07.2020	05:00:00	132	
25.07.2020	05:15:00	131	
25.07.2020	05:30:00	131	
25.07.2020	05:45:00	132	
25.07.2020	06:00:00	132	
25.07.2020	06:15:00	132	
25.07.2020	06:30:00	132	
25.07.2020	06:45:00	132	
25.07.2020	07:00:00	132	
25.07.2020	07:15:00	132	
25.07.2020	07:30:00	133	
25.07.2020	07:45:00	132	
25.07.2020	08:00:00	132	
25.07.2020	08:15:00	132	
25.07.2020	08:30:00	132	
25.07.2020	08:45:00	132	
25.07.2020	09:00:00	133	
25.07.2020	09:15:00	132	
25.07.2020	09:30:00	132	
25.07.2020	09:45:00	133	
25.07.2020	10:00:00	133	
25.07.2020	10:15:00	132	
25.07.2020	10:30:00	133	
25.07.2020	10:45:00	133	
25.07.2020	11:00:00	133	
25.07.2020	11:15:00	133	
25.07.2020	11:30:00	133	
25.07.2020	11:45:00	133	
25.07.2020	12:00:00	133	
25.07.2020	12:15:00	133	
25.07.2020	12:30:00	132	
25.07.2020	12:45:00	133	
25.07.2020	13:00:00	133	
25.07.2020	13:15:00	134	
25.07.2020	13:30:00	133	
25.07.2020	13:45:00	133	
25.07.2020	14:00:00	133	
25.07.2020	14:15:00	133	
25.07.2020	14:30:00	133	
25.07.2020	14:45:00	133	
25.07.2020	15:00:00	134	
25.07.2020	15:15:00	133	
25.07.2020	15:30:00	134	
25.07.2020	15:45:00	134	
25.07.2020	16:00:00	134	
25.07.2020	16:15:00	134	
25.07.2020	16:30:00	134	
25.07.2020	16:45:00	135	
25.07.2020	17:00:00	135	
25.07.2020	17:15:00	135	
25.07.2020	17:30:00	135	
25.07.2020	17:45:00	135	
25.07.2020	18:00:00	136	
25.07.2020	18:15:00	136	
25.07.2020	18:30:00	136	
25.07.2020	18:45:00	135	
25.07.2020	19:00:00	136	
25.07.2020	19:15:00	136	
25.07.2020	19:30:00	136	
25.07.2020	19:45:00	136	
25.07.2020	20:00:00	137	
25.07.2020	20:15:00	136	
25.07.2020	20:30:00	136	
25.07.2020	20:45:00	137	
25.07.2020	21:00:00	137	
25.07.2020	21:15:00	136	
25.07.2020	21:30:00	137	
25.07.2020	21:45:00	137	
25.07.2020	22:00:00	137	
25.07.2020	22:15:00	137	
25.07.2020	22:30:00	137	
25.07.2020	22:45:00	138	
25.07.2020	23:00:00	138	
25.07.2020	23:15:00	138	
25.07.2020	23:30:00	138	
25.07.2020	23:45:00	138	
26.07.2020	00:00:00	138	
26.07.2020	00:15:00	138	
26.07.2020	00:30:00	139	
26.07.2020	00:45:00	138	
26.07.2020	01:00:00	139	
26.07.2020	01:15:00	138	
26.07.2020	01:30:00	139	
26.07.2020	01:45:00	138	
26.07.2020	02:00:00	139	
26.07.2020	02:15:00	139	
26.07.2020	02:30:00	139	
26.07.2020	02:45:00	139	
26.07.2020	03:00:00	140	
26.07.2020	03:15:00	139	
26.07.2020	03:30:00	140	
26.07.2020	03:45:00	139	
26.07.2020	04:00:00	140	
26.07.2020	04:15:00	139	
26.07.2020	04:30:00	139	
26.07.2020	04:45:00	139	
26.07.2020	05:00:00	140	
26.07.2020	05:15:00	140	
26.07.2020	05:30:00	140	
26.07.2020	05:45:00	140	
26.07.2020	06:00:00	141	
26.07.2020	06:15:00	140	
26.07.2020	06:30:00	140	
26.07.2020	06:45:00	141	
26.07.2020	07:00:00	141	
26.07.2020	07:15:00	141	
26.07.2020	07:30:00	141	
26.07.2020	07:45:00	141	
26.07.2020	08:00:00	142	
26.07.2020	08:15:00	142	
26.07.2020	08:30:00	143	
26.07.2020	08:45:00	142	
26.07.2020	09:00:00	141	
26.07.2020	09:15:00	142	
26.07.2020	09:30:00	143	
26.07.2020	09:45:00	143	
26.07.2020	10:00:00	142	
26.07.2020	10:15:00	142	
26.07.2020	10:30:00	143	
26.07.2020	10:45:00	142	
26.07.2020	11:00:00	142	
26.07.2020	11:15:00	143	
26.07.2020	11:30:00	142	
26.07.2020	11:45:00	143	
26.07.2020	12:00:00	144	
26.07.2020	12:15:00	142	
26.07.2020	12:30:00	142	
26.07.2020	12:45:00	143	
26.07.2020	13:00:00	143	
26.07.2020	13:15:00	142	
26.07.2020	13:30:00	142	
26.07.2020	13:45:00	143	
26.07.2020	14:00:00	143	
26.07.2020	14:15:00	144	
26.07.2020	14:30:00	143	
26.07.2020	14:45:00	143	
26.07.2020	15:00:00	145	
26.07.2020	15:15:00	143	
26.07.2020	15:30:00	143	
26.07.2020	15:45:00	143	
26.07.2020	16:00:00	143	
26.07.2020	16:15:00	143	
26.07.2020	16:30:00	143	
26.07.2020	16:45:00	143	
26.07.2020	17:00:00	144	
26.07.2020	17:15:00	143	
26.07.2020	17:30:00	143	
26.07.2020	17:45:00	143	
26.07.2020	18:00:00	143	
26.07.2020	18:15:00	143	
26.07.2020	18:30:00	144	
26.07.2020	18:45:00	143	
26.07.2020	19:00:00	144	
26.07.2020	19:15:00	143	
26.07.2020	19:30:00	143	
26.07.2020	19:45:00	143	
26.07.2020	20:00:00	144	
26.07.2020	20:15:00	144	
26.07.2020	20:30:00	144	
26.07.2020	20:45:00	145	
26.07.2020	21:00:00	144	
26.07.2020	21:15:00	144	
26.07.2020	21:30:00	145	
26.07.2020	21:45:00	145	
26.07.2020	22:00:00	145	
26.07.2020	22:15:00	145	
26.07.2020	22:30:00	145	
26.07.2020	22:45:00	146	
26.07.2020	23:00:00	146	
26.07.2020	23:15:00	146	
26.07.2020	23:30:00	146	
26.07.2020	23:45:00	146	
27.07.2020	00:00:00	146	
27.07.2020	00:15:00	147	
27.07.2020	00:30:00	146	
27.07.2020	00:45:00	146	
27.07.2020	01:00:00	147	
27.07.2020	01:15:00	146	
27.07.2020	01:30:00	146	
27.07.2020	01:45:00	147	
27.07.2020	02:00:00	147	
27.07.2020	02:15:00	147	
27.07.2020	02:30:00	147	
27.07.2020	02:45:00	147	
27.07.2020	03:00:00	147	
27.07.2020	03:15:00	148	
27.07.2020	03:30:00	148	
27.07.2020	03:45:00	148	
27.07.2020	04:00:00	148	
27.07.2020	04:15:00	149	
27.07.2020	04:30:00	149	
27.07.2020	04:45:00	148	
27.07.2020	05:00:00	149	
27.07.2020	05:15:00	149	
27.07.2020	05:30:00	150	
27.07.2020	05:45:00	149	
27.07.2020	06:00:00	150	
27.07.2020	06:15:00	150	
27.07.2020	06:30:00	150	
27.07.2020	06:45:00	150	
27.07.2020	07:00:00	150	
27.07.2020	07:15:00	150	
27.07.2020	07:30:00	151	
27.07.2020	07:45:00	150	
27.07.2020	08:00:00	151	
27.07.2020	08:15:00	151	
27.07.2020	08:30:00	151	
27.07.2020	08:45:00	152	
27.07.2020	09:00:00	151	
27.07.2020	09:15:00	151	
27.07.2020	09:30:00	152	
27.07.2020	09:45:00	151	
27.07.2020	10:00:00	151	
27.07.2020	10:15:00	152	
27.07.2020	10:30:00	152	
27.07.2020	10:45:00	152	
27.07.2020	11:00:00	152	
27.07.2020	11:15:00	152	
27.07.2020	11:30:00	152	
27.07.2020	11:45:00	152	
27.07.2020	12:00:00	152	
27.07.2020	12:15:00	152	
27.07.2020	12:30:00	153	
27.07.2020	12:45:00	153	
27.07.2020	13:00:00	154	
27.07.2020	13:15:00	154	
27.07.2020	13:30:00	154	
27.07.2020	13:45:00	154	
27.07.2020	14:00:00	154	
27.07.2020	14:15:00	154	
27.07.2020	14:30:00	154	
27.07.2020	14:45:00	154	
27.07.2020	15:00:00	155	
27.07.2020	15:15:00	155	
27.07.2020	15:30:00	154	
27.07.2020	15:45:00	154	
27.07.2020	16:00:00	155	
27.07.2020	16:15:00	155	
27.07.2020	16:30:00	154	
27.07.2020	16:45:00	154	
27.07.2020	17:00:00	155	
27.07.2020	17:15:00	154	
27.07.2020	17:30:00	155	
27.07.2020	17:45:00	155	
27.07.2020	18:00:00	155	
27.07.2020	18:15:00	156	
27.07.2020	18:30:00	154	
27.07.2020	18:45:00	155	
27.07.2020	19:00:00	156	
27.07.2020	19:15:00	155	
27.07.2020	19:30:00	154	
27.07.2020	19:45:00	154	
27.07.2020	20:00:00	154	
27.07.2020	20:15:00	154	
27.07.2020	20:30:00	154	
27.07.2020	20:45:00	155	
27.07.2020	21:00:00	154	
27.07.2020	21:15:00	155	
27.07.2020	21:30:00	155	
27.07.2020	21:45:00	154	
27.07.2020	22:00:00	154	
27.07.2020	22:15:00	154	
27.07.2020	22:30:00	154	
27.07.2020	22:45:00	154	
27.07.2020	23:00:00	153	
27.07.2020	23:15:00	153	
27.07.2020	23:30:00	153	
27.07.2020	23:45:00	153	
28.07.2020	00:00:00	153	
28.07.2020	00:15:00	153	
28.07.2020	00:30:00	153	
28.07.2020	00:45:00	153	
28.07.2020	01:00:00	152	
28.07.2020	01:15:00	152	
28.07.2020	01:30:00	153	
28.07.2020	01:45:00	152	
28.07.2020	02:00:00	152	
28.07.2020	02:15:00	151	
28.07.2020	02:30:00	152	
28.07.2020	02:45:00	151	
28.07.2020	03:00:00	151	
28.07.2020	03:15:00	150	
28.07.2020	03:30:00	150	
28.07.2020	03:45:00	152	
28.07.2020	04:00:00	150	
28.07.2020	04:15:00	149	
28.07.2020	04:30:00	149	
28.07.2020	04:45:00	149	
28.07.2020	05:00:00	149	
28.07.2020	05:15:00	149	
28.07.2020	05:30:00	149	
28.07.2020	05:45:00	149	
28.07.2020	06:00:00	148	
28.07.2020	06:15:00	149	
28.07.2020	06:30:00	149	
28.07.2020	06:45:00	148	
28.07.2020	07:00:00	148	
28.07.2020	07:15:00	148	
28.07.2020	07:30:00	148	
28.07.2020	07:45:00	148	
28.07.2020	08:00:00	148	
28.07.2020	08:15:00	148	
28.07.2020	08:30:00	147	
28.07.2020	08:45:00	148	
28.07.2020	09:00:00	147	
28.07.2020	09:15:00	147	
28.07.2020	09:30:00	148	
28.07.2020	09:45:00	147	
28.07.2020	10:00:00	148	
28.07.2020	10:15:00	148	
28.07.2020	10:30:00	147	
28.07.2020	10:45:00	147	
28.07.2020	11:00:00	146	
28.07.2020	11:15:00	147	
28.07.2020	11:30:00	146	
28.07.2020	11:45:00	146	
28.07.2020	12:00:00	146	
28.07.2020	12:15:00	146	
28.07.2020	12:30:00	145	
28.07.2020	12:45:00	146	
28.07.2020	13:00:00	145	
28.07.2020	13:15:00	145	
28.07.2020	13:30:00	145	
28.07.2020	13:45:00	144	
28.07.2020	14:00:00	144	
28.07.2020	14:15:00	145	
28.07.2020	14:30:00	144	
28.07.2020	14:45:00	144	
28.07.2020	15:00:00	143	
28.07.2020	15:15:00	143	
28.07.2020	15:30:00	144	
28.07.2020	15:45:00	143	
28.07.2020	16:00:00	143	
28.07.2020	16:15:00	143	
28.07.2020	16:30:00	143	
28.07.2020	16:45:00	143	
28.07.2020	17:00:00	142	
28.07.2020	17:15:00	143	
28.07.2020	17:30:00	143	
28.07.2020	17:45:00	142	
28.07.2020	18:00:00	142	
28.07.2020	18:15:00	142	
28.07.2020	18:30:00	142	
28.07.2020	18:45:00	143	
28.07.2020	19:00:00	142	
28.07.2020	19:15:00	143	
28.07.2020	19:30:00	143	
28.07.2020	19:45:00	144	
28.07.2020	20:00:00	143	
28.07.2020	20:15:00	142	
28.07.2020	20:30:00	142	
28.07.2020	20:45:00	142	
28.07.2020	21:00:00	142	
28.07.2020	21:15:00	142	
28.07.2020	21:30:00	143	
28.07.2020	21:45:00	142	
28.07.2020	22:00:00	142	
28.07.2020	22:15:00	142	
28.07.2020	22:30:00	143	
28.07.2020	22:45:00	143	
28.07.2020	23:00:00	143	
28.07.2020	23:15:00	143	
28.07.2020	23:30:00	143	
28.07.2020	23:45:00	143	
29.07.2020	00:00:00	143	
29.07.2020	00:15:00	143	
29.07.2020	00:30:00	144	
29.07.2020	00:45:00	144	
29.07.2020	01:00:00	144	
29.07.2020	01:15:00	144	
29.07.2020	01:30:00	144	
29.07.2020	01:45:00	144	
29.07.2020	02:00:00	144	
29.07.2020	02:15:00	144	
29.07.2020	02:30:00	144	
29.07.2020	02:45:00	144	
29.07.2020	03:00:00	144	
29.07.2020	03:15:00	144	
29.07.2020	03:30:00	144	
29.07.2020	03:45:00	144	
29.07.2020	04:00:00	144	
29.07.2020	04:15:00	144	
29.07.2020	04:30:00	143	
29.07.2020	04:45:00	143	
29.07.2020	05:00:00	143	
29.07.2020	05:15:00	143	
29.07.2020	05:30:00	143	
29.07.2020	05:45:00	143	
29.07.2020	06:00:00	143	
29.07.2020	06:15:00	142	
29.07.2020	06:30:00	143	
29.07.2020	06:45:00	143	
29.07.2020	07:00:00	142	
29.07.2020	07:15:00	142	
29.07.2020	07:30:00	143	
29.07.2020	07:45:00	142	
29.07.2020	08:00:00	141	
29.07.2020	08:15:00	142	
29.07.2020	08:30:00	141	
29.07.2020	08:45:00	141	
29.07.2020	09:00:00	141	
29.07.2020	09:15:00	141	
29.07.2020	09:30:00	141	
29.07.2020	09:45:00	141	
29.07.2020	10:00:00	140	
29.07.2020	10:15:00	142	
29.07.2020	10:30:00	140	
29.07.2020	10:45:00	139	
29.07.2020	11:00:00	140	
29.07.2020	11:15:00	140	
29.07.2020	11:30:00	140	
29.07.2020	11:45:00	139	
29.07.2020	12:00:00	138	
29.07.2020	12:15:00	139	
29.07.2020	12:30:00	138	
29.07.2020	12:45:00	138	
29.07.2020	13:00:00	138	
29.07.2020	13:15:00	137	
29.07.2020	13:30:00	138	
29.07.2020	13:45:00	138	
29.07.2020	14:00:00	137	
29.07.2020	14:15:00	137	
29.07.2020	14:30:00	137	
29.07.2020	14:45:00	136	
29.07.2020	15:00:00	136	
29.07.2020	15:15:00	136	
29.07.2020	15:30:00	136	
29.07.2020	15:45:00	136	
29.07.2020	16:00:00	135	
29.07.2020	16:15:00	136	
29.07.2020	16:30:00	135	
29.07.2020	16:45:00	135	
29.07.2020	17:00:00	135	
29.07.2020	17:15:00	135	
29.07.2020	17:30:00	136	
29.07.2020	17:45:00	134	
29.07.2020	18:00:00	134	
29.07.2020	18:15:00	134	
29.07.2020	18:30:00	134	
29.07.2020	18:45:00	134	
29.07.2020	19:00:00	134	
29.07.2020	19:15:00	135	
29.07.2020	19:30:00	134	
29.07.2020	19:45:00	133	
29.07.2020	20:00:00	133	
29.07.2020	20:15:00	134	
29.07.2020	20:30:00	134	
29.07.2020	20:45:00	133	
29.07.2020	21:00:00	135	
29.07.2020	21:15:00	133	
29.07.2020	21:30:00	133	
29.07.2020	21:45:00	133	
29.07.2020	22:00:00	133	
29.07.2020	22:15:00	133	
29.07.2020	22:30:00	133	
29.07.2020	22:45:00	133	
29.07.2020	23:00:00	133	
29.07.2020	23:15:00	132	
29.07.2020	23:30:00	132	
29.07.2020	23:45:00	132	
30.07.2020	00:00:00	132	
30.07.2020	00:15:00	131	
30.07.2020	00:30:00	131	
30.07.2020	00:45:00	131	
30.07.2020	01:00:00	131	
30.07.2020	01:15:00	131	
30.07.2020	01:30:00	131	
30.07.2020	01:45:00	132	
30.07.2020	02:00:00	130	
30.07.2020	02:15:00	131	
30.07.2020	02:30:00	130	
30.07.2020	02:45:00	130	
30.07.2020	03:00:00	130	
30.07.2020	03:15:00	131	
30.07.2020	03:30:00	129	
30.07.2020	03:45:00	129	
30.07.2020	04:00:00	129	
30.07.2020	04:15:00	129	
30.07.2020	04:30:00	129	
30.07.2020	04:45:00	129	
30.07.2020	05:00:00	129	
30.07.2020	05:15:00	128	
30.07.2020	05:30:00	129	
30.07.2020	05:45:00	128	
30.07.2020	06:00:00	128	
30.07.2020	06:15:00	128	
30.07.2020	06:30:00	128	
30.07.2020	06:45:00	127	
30.07.2020	07:00:00	127	
30.07.2020	07:15:00	127	
30.07.2020	07:30:00	127	
30.07.2020	07:45:00	127	
30.07.2020	08:00:00	128	
30.07.2020	08:15:00	127	
30.07.2020	08:30:00	128	
30.07.2020	08:45:00	127	
30.07.2020	09:00:00	127	
30.07.2020	09:15:00	128	
30.07.2020	09:30:00	128	
30.07.2020	09:45:00	127	
30.07.2020	10:00:00	126	
30.07.2020	10:15:00	126	
30.07.2020	10:30:00	126	
30.07.2020	10:45:00	125	
30.07.2020	11:00:00	126	
30.07.2020	11:15:00	125	
30.07.2020	11:30:00	125	
30.07.2020	11:45:00	125	
30.07.2020	12:00:00	125	
30.07.2020	12:15:00	126	
30.07.2020	12:30:00	126	
30.07.2020	12:45:00	125	
30.07.2020	13:00:00	125	
30.07.2020	13:15:00	125	
30.07.2020	13:30:00	125	
30.07.2020	13:45:00	125	
30.07.2020	14:00:00	124	
30.07.2020	14:15:00	123	
30.07.2020	14:30:00	125	
30.07.2020	14:45:00	123	
30.07.2020	15:00:00	124	
30.07.2020	15:15:00	123	
30.07.2020	15:30:00	123	
30.07.2020	15:45:00	123	
30.07.2020	16:00:00	123	
30.07.2020	16:15:00	123	
30.07.2020	16:30:00	122	
30.07.2020	16:45:00	122	
30.07.2020	17:00:00	122	
30.07.2020	17:15:00	122	
30.07.2020	17:30:00	122	
30.07.2020	17:45:00	122	
30.07.2020	18:00:00	122	
30.07.2020	18:15:00	123	
30.07.2020	18:30:00	122	
30.07.2020	18:45:00	121	
30.07.2020	19:00:00	121	
30.07.2020	19:15:00	121	
30.07.2020	19:30:00	121	
30.07.2020	19:45:00	121	
30.07.2020	20:00:00	121	
30.07.2020	20:15:00	121	
30.07.2020	20:30:00	121	
30.07.2020	20:45:00	121	
30.07.2020	21:00:00	122	
30.07.2020	21:15:00	122	
30.07.2020	21:30:00	121	
30.07.2020	21:45:00	121	
30.07.2020	22:00:00	121	
30.07.2020	22:15:00	121	
30.07.2020	22:30:00	120	
30.07.2020	22:45:00	121	
30.07.2020	23:00:00	122	
30.07.2020	23:15:00	121	
30.07.2020	23:30:00	120	
30.07.2020	23:45:00	120	
31.07.2020	00:00:00	121	
31.07.2020	00:15:00	122	
31.07.2020	00:30:00	120	
31.07.2020	00:45:00	120	
31.07.2020	01:00:00	120	
31.07.2020	01:15:00	120	
31.07.2020	01:30:00	120	
31.07.2020	01:45:00	120	
31.07.2020	02:00:00	119	
31.07.2020	02:15:00	119	
31.07.2020	02:30:00	119	
31.07.2020	02:45:00	119	
31.07.2020	03:00:00	119	
31.07.2020	03:15:00	119	
31.07.2020	03:30:00	119	
31.07.2020	03:45:00	118	
31.07.2020	04:00:00	118	
31.07.2020	04:15:00	118	
31.07.2020	04:30:00	118	
31.07.2020	04:45:00	120	
31.07.2020	05:00:00	118	
31.07.2020	05:15:00	117	
31.07.2020	05:30:00	117	
31.07.2020	05:45:00	118	
31.07.2020	06:00:00	117	
31.07.2020	06:15:00	117	
31.07.2020	06:30:00	117	
31.07.2020	06:45:00	117	
31.07.2020	07:00:00	117	
31.07.2020	07:15:00	117	
31.07.2020	07:30:00	116	
31.07.2020	07:45:00	117	
31.07.2020	08:00:00	116	
31.07.2020	08:15:00	116	
31.07.2020	08:30:00	117	
31.07.2020	08:45:00	116	
31.07.2020	09:00:00	116	
31.07.2020	09:15:00	116	
31.07.2020	09:30:00	116	
31.07.2020	09:45:00	116	
31.07.2020	10:00:00	115	
31.07.2020	10:15:00	116	
31.07.2020	10:30:00	116	
31.07.2020	10:45:00	116	
31.07.2020	11:00:00	116	
31.07.2020	11:15:00	117	
31.07.2020	11:30:00	115	
31.07.2020	11:45:00	115	
31.07.2020	12:00:00	116	
31.07.2020	12:15:00	115	
31.07.2020	12:30:00	115	
31.07.2020	12:45:00	115	
31.07.2020	13:00:00	115	
31.07.2020	13:15:00	114	
31.07.2020	13:30:00	115	
31.07.2020	13:45:00	114	
31.07.2020	14:00:00	116	
31.07.2020	14:15:00	115	
31.07.2020	14:30:00	116	
31.07.2020	14:45:00	114	
31.07.2020	15:00:00	115	
31.07.2020	15:15:00	114	
31.07.2020	15:30:00	115	
31.07.2020	15:45:00	113	
31.07.2020	16:00:00	114	
31.07.2020	16:15:00	113	
31.07.2020	16:30:00	115	
31.07.2020	16:45:00	114	
31.07.2020	17:00:00	114	
31.07.2020	17:15:00	114	
31.07.2020	17:30:00	115	
31.07.2020	17:45:00	114	
31.07.2020	18:00:00	114	
31.07.2020	18:15:00	113	
31.07.2020	18:30:00	114	
31.07.2020	18:45:00	114	
31.07.2020	19:00:00	113	
31.07.2020	19:15:00	114	
31.07.2020	19:30:00	113	
31.07.2020	19:45:00	113	
31.07.2020	20:00:00	113	
31.07.2020	20:15:00	113	
31.07.2020	20:30:00	114	
31.07.2020	20:45:00	113	
31.07.2020	21:00:00	113	
31.07.2020	21:15:00	113	
31.07.2020	21:30:00	112	
31.07.2020	21:45:00	112	
31.07.2020	22:00:00	112	
31.07.2020	22:15:00	113	
31.07.2020	22:30:00	113	
31.07.2020	22:45:00	113	
31.07.2020	23:00:00	113	
31.07.2020	23:15:00	112	
31.07.2020	23:30:00	112	
31.07.2020	23:45:00	112	
01.08.2020	00:00:00	112	
